"idade","sexo","grupo","pop","obito","logmx","topals","topals.inf","topals.sup","vand.hat","gomp.hat"
65,"f","atc",53209,373,-4.96040441431012,-4.91302017292964,-4.98298562469611,-4.84305472116316,-4.81995756268269,-4.91316806404867
66,"f","atc",47421,390,-4.80067370842181,-4.80257804186618,-4.85623898610473,-4.74891709762764,-4.77549975042961,-4.801299553439
67,"f","atc",42732,404,-4.66128845510463,-4.69123591080273,-4.73270952780815,-4.64976229379731,-4.70553216981202,-4.68943104282934
68,"f","atc",38079,411,-4.52882501356005,-4.57119377973928,-4.60883493213539,-4.53355262734317,-4.61513738502378,-4.57756253221967
69,"f","atc",32680,396,-4.41310433771946,-4.45635164867583,-4.50073501577609,-4.41196828157556,-4.50976553365393,-4.46569402161001
70,"f","atc",29356,373,-4.36567381402114,-4.33120951761237,-4.38933990271226,-4.27307913251249,-4.3944435761943,-4.35382551100034
71,"f","atc",27431,398,-4.23297703441725,-4.2348823172462,-4.27995901000129,-4.18980562449111,-4.27335527820043,-4.24195700039068
72,"f","atc",24118,352,-4.22708255306544,-4.12855511688003,-4.16521808875941,-4.09189214500065,-4.14973195738598,-4.13008848978101
73,"f","atc",20749,383,-3.99221834254581,-4.02712791651386,-4.06340376941541,-3.99085206361231,-4.02592945293426,-4.01821997917135
74,"f","atc",19134,381,-3.91642276111141,-3.92600071614769,-3.97012780782454,-3.88187362447083,-3.90358335960724,-3.90635146856168
75,"f","atc",18483,404,-3.82319179172153,-3.81847351578152,-3.87537660581532,-3.76157042574771,-3.78377587767369,-3.79448295795202
76,"f","atc",16488,386,-3.75455075310546,-3.70146184443512,-3.74556160912491,-3.65736207974532,-3.66718286757985,-3.68261444734235
77,"f","atc",14106,413,-3.53090792480709,-3.58485017308872,-3.62093339442431,-3.54876695175312,-3.55419131117604,-3.57074593673269
78,"f","atc",12135,394,-3.42749820886277,-3.46683850174232,-3.50302676647235,-3.43065023701229,-3.44498796060707,-3.45887742612302
79,"f","atc",11343,415,-3.30807757232834,-3.34732683039592,-3.39168406399256,-3.30296959679928,-3.33962392752542,-3.34700891551336
80,"f","atc",9838,381,-3.25120834222858,-3.21731515904952,-3.27455081110732,-3.16007950699172,-3.23806067020234,-3.23514040490369
81,"f","atc",8145,369,-3.09436287699562,-3.11089600188994,-3.15563828744698,-3.0661537163329,-3.14020221417765,-3.12327189429403
82,"f","atc",7377,359,-3.02279994239602,-2.99777684473035,-3.03390532735494,-2.96164836210577,-3.0459174503973,-3.01140338368436
83,"f","atc",6378,339,-2.93460974018955,-2.88815768757077,-2.92259756686997,-2.85371780827158,-2.955055398029,-2.8995348730747
84,"f","atc",6000,342,-2.86470401114759,-2.77983853041119,-2.82038956251931,-2.73928749830307,-2.86745553132662,-2.78766636246503
85,"f","atc",5598,401,-2.63620324276883,-2.67011937325161,-2.72188915221023,-2.61834959429298,-2.7829546679727,-2.67579785185537
86,"f","atc",4728,378,-2.52636336346635,-2.54691720390856,-2.59113400368644,-2.50270040413067,-2.70139147476898,-2.5639293412457
87,"f","atc",3929,324,-2.49539670376613,-2.42641503456551,-2.46475852773917,-2.38807154139186,-2.622609330157,-2.45206083063604
88,"f","atc",3251,353,-2.22024986337061,-2.30951286522246,-2.344518640059,-2.27450709038592,-2.54645805943947,-2.34019232002637
89,"f","atc",2642,312,-2.13628829727279,-2.18941069587942,-2.22434875238007,-2.15447263937876,-2.47279490176139,-2.22832380941671
90,"f","atc",2030,246,-2.11045953610347,-2.07170852653637,-2.10986627842465,-2.03355077464809,-2.4014849583937,-2.11645529880704
91,"f","atc",1554,230,-1.9105082220044,-1.95940635719332,-2.00335454240364,-1.915458171983,-2.33240129551496,-2.00458678819738
92,"f","atc",1152,200,-1.7509374747078,-1.84680418785027,-1.89825275104091,-1.79535562465964,-2.26542482148398,-1.89271827758771
93,"f","atc",843,151,-1.71968712118693,-1.73850201850723,-1.79852325676894,-1.67848078024551,-2.20044402150833,-1.78084976697805
94,"f","atc",593,95,-1.83131750739718,-1.63369984916418,-1.70296907860659,-1.56443061972176,-2.13735460674267,-1.66898125636839
95,"f","atc",445,89,-1.6094379124341,-1.53039767982113,-1.60935327474391,-1.45144208489835,-2.07605911679382,-1.55711274575872
96,"f","atc",316,72,-1.47907609457086,-1.43841896473482,-1.50932816469361,-1.36750976477604,-2.01646650200328,-1.44524423514906
97,"f","atc",214,57,-1.3229247471873,-1.34924024964852,-1.4273279949496,-1.27115250434744,-1.95849170308355,-1.33337572453939
98,"f","atc",139,39,-1.27091228700105,-1.26286153456221,-1.36003524475094,-1.16568782437349,-1.90205523955702,-1.22150721392973
99,"f","atc",95,29,-1.18658106161407,-1.17948281947591,-1.30221511594144,-1.05675052301037,-1.84708281419126,-1.10963870332006
100,"f","atc",57,18,-1.15267950993839,-1.1007041043896,-1.25222689441735,-0.949181314361861,-1.79350493768421,-0.997770192710394
101,"f","atc",33,13,-0.931558204004943,-1.0258253893033,-1.20784337703557,-0.843807401571028,-1.74125657583626,-0.885901682100731
102,"f","atc",29,10,-1.06471073699243,-0.955046674216994,-1.16853529798099,-0.741558050453,-1.6902768200798,-0.774033171491066
103,"f","atc",14,4,-1.25276296849537,-0.888767959130688,-1.13432791057515,-0.643208007686222,-1.64050858132608,-0.662164660881401
104,"f","atc",10,6,-0.510825623765991,-0.826789244044383,-1.10481341509503,-0.548765072993737,-1.59189830649896,-0.550296150271736
105,"f","atc",1,2,0.693147180559945,-0.769710528958078,-1.08046870227234,-0.458952355643819,-1.54439571675724,-0.438427639662071
106,"f","atc",1,1,0,-0.717931813871773,-1.06161669502464,-0.374246932718911,-1.49795356619437,-0.326559129052406
107,"f","atc",1,0,-Inf,-0.670553098785468,-1.04730687174962,-0.293799325821315,-1.45252741969813,-0.21469061844274
108,"f","atc",3,0,-Inf,-0.627974383699163,-1.03790482415293,-0.218043943245397,-1.40807544861831,-0.102822107833076
109,"f","atc",0,1,Inf,-0.590995668612858,-1.03418634906173,-0.147804988163982,-1.36455824290407,0.00904640277659087
110,"f","atc",0,0,NA,-0.569216953526553,-1.04573394705468,-0.092699959998429,-1.32193863841717,0.120914913386257
65,"f","total",564792,5823,-4.57464192891779,-4.56492971975446,-4.58255352987236,-4.54730590963655,NA,NA
66,"f","total",543922,6228,-4.46975060025102,-4.48860223580761,-4.50215103374061,-4.47505343787462,NA,NA
67,"f","total",549063,6682,-4.40879584508958,-4.41137475186077,-4.42170924734136,-4.40104025638017,NA,NA
68,"f","total",518011,6673,-4.35192694363378,-4.32544726791392,-4.33440797644059,-4.31648655938726,NA,NA
69,"f","total",478028,6981,-4.22647713519346,-4.24471978396708,-4.25492014802005,-4.2345194199141,NA,NA
70,"f","total",461279,7270,-4.15024677446163,-4.15369230002023,-4.16703625690636,-4.14034834313411,NA,NA
71,"f","total",476572,7939,-4.0948314907204,-4.08092241454055,-4.09126342527408,-4.07058140380701,NA,NA
72,"f","total",439791,8098,-3.9946824964541,-3.99815252906086,-4.0063706012828,-3.98993445683893,NA,NA
73,"f","total",406959,8085,-3.91870195023847,-3.92028264358118,-3.92801968497568,-3.91254560218668,NA,NA
74,"f","total",388229,8414,-3.83169838653734,-3.84271275810149,-3.85187309644005,-3.83355241976293,NA,NA
75,"f","total",421882,9809,-3.76142532249955,-3.75874287262181,-3.77056178449453,-3.74692396074909,NA,NA
76,"f","total",376143,9459,-3.6830027210048,-3.67729464275293,-3.68644699098083,-3.66814229452502,NA,NA
77,"f","total",346609,9411,-3.60631812559976,-3.59624641288405,-3.60360107136173,-3.58889175440637,NA,NA
78,"f","total",327472,9966,-3.49222325537788,-3.51379818301517,-3.52091599500837,-3.50668037102197,NA,NA
79,"f","total",336878,10769,-3.4430492106572,-3.42984995314629,-3.43842213004754,-3.42127777624504,NA,NA
80,"f","total",294333,10554,-3.3282068444489,-3.33540172327741,-3.34647185918855,-3.32433158736628,NA,NA
81,"f","total",257272,9884,-3.25921660285343,-3.25196860947666,-3.2606076040359,-3.24332961491743,NA,NA
82,"f","total",238656,10311,-3.14181189802055,-3.16183549567591,-3.16873736047182,-3.15493363088,NA,NA
83,"f","total",235570,10681,-3.09354164709696,-3.07520238187517,-3.08164896555107,-3.06875579819926,NA,NA
84,"f","total",215429,10705,-3.00192046685888,-2.98986926807442,-2.99737928387219,-2.98235925227664,NA,NA
85,"f","total",198771,11066,-2.88827606385422,-2.90313615427367,-2.91273622855662,-2.89353607999072,NA,NA
86,"f","total",167818,9958,-2.82450381062023,-2.80920200166349,-2.81747847444536,-2.80092552888161,NA,NA
87,"f","total",146938,9735,-2.71428309027765,-2.7179678490533,-2.72515570247401,-2.7107799956326,NA,NA
88,"f","total",129687,9287,-2.63650828220203,-2.63033369644312,-2.63678793005396,-2.62387946283228,NA,NA
89,"f","total",108554,8642,-2.5306137075138,-2.53949954383294,-2.54570242105455,-2.53329666661133,NA,NA
90,"f","total",92296,7986,-2.44731079498396,-2.45106539122276,-2.45755545283778,-2.44457532960773,NA,NA
91,"f","total",74120,7040,-2.35407723124721,-2.36803123861258,-2.37528332612753,-2.36077915109762,NA,NA
92,"f","total",60193,6224,-2.26914327960798,-2.28469708600239,-2.29305718806515,-2.27633698393963,NA,NA
93,"f","total",46048,5175,-2.18584499155352,-2.20566293339221,-2.21535914395574,-2.19596672282868,NA,NA
94,"f","total",38313,4480,-2.14616621775534,-2.13012878078203,-2.14130770522502,-2.11894985633904,NA,NA
95,"f","total",32121,4078,-2.06390334969198,-2.05609462817185,-2.06885185607329,-2.0433374002704,NA,NA
96,"f","total",24294,3226,-2.01898642657506,-2.00234736081133,-2.0135693581517,-1.99112536347095,NA,NA
97,"f","total",19443,2691,-1.97757423636892,-1.9514000934508,-1.96212500172036,-1.94067518518124,NA,NA
98,"f","total",15130,2204,-1.9264056365096,-1.90325282609028,-1.91465537681276,-1.8918502753678,NA,NA
99,"f","total",12035,1778,-1.91232993414332,-1.85810555872976,-1.87117907168811,-1.8450320457714,NA,NA
100,"f","total",8813,1468,-1.7923269739252,-1.81755829136923,-1.83297644273932,-1.80214013999915,NA,NA
101,"f","total",5774,1006,-1.7473830095632,-1.78091102400871,-1.79908865077281,-1.76273339724461,NA,NA
102,"f","total",4203,782,-1.68169909445981,-1.74836375664819,-1.76955424768507,-1.72717326561131,NA,NA
103,"f","total",3280,618,-1.6691102439205,-1.72031648928767,-1.74467940739076,-1.69595357118457,NA,NA
104,"f","total",2492,508,-1.59035943232886,-1.69656922192714,-1.72420924217167,-1.66892920168262,NA,NA
105,"f","total",1830,325,-1.72824606350573,-1.67772195456662,-1.70871056105743,-1.64673334807581,NA,NA
106,"f","total",1033,181,-1.74172543785381,-1.6641746872061,-1.69856248762823,-1.62978688678397,NA,NA
107,"f","total",893,186,-1.5688399071633,-1.65502741984558,-1.69285138018829,-1.61720345950286,NA,NA
108,"f","total",1000,180,-1.71479842809193,-1.65068015248505,-1.69196801034481,-1.6093922946253,NA,NA
109,"f","total",980,174,-1.72849727245009,-1.65193288512453,-1.69670594074723,-1.60715982950183,NA,NA
110,"f","total",517,83,-1.82920226671183,-1.66838561776401,-1.71666055831751,-1.62011067721051,NA,NA
65,"f","api.urb",123150,961,-4.85318399457839,-4.85533063680626,-4.89908033904033,-4.8115809345722,-4.78349796171169,-4.87478023585108
66,"f","api.urb",115857,983,-4.76950283084869,-4.76010206862271,-4.79373175258355,-4.72647238466187,-4.74175225781669,-4.76714591157077
67,"f","api.urb",113410,1069,-4.66428593878433,-4.66397350043917,-4.68966960217475,-4.63827739870359,-4.6758347562651,-4.65951158729047
68,"f","api.urb",104818,1082,-4.57341433243952,-4.55914493225562,-4.58155114677005,-4.53673871774119,-4.5902942602707,-4.55187726301016
69,"f","api.urb",93985,1146,-4.40685757677601,-4.45951636407207,-4.4851328052123,-4.43389992293184,-4.49008149806387,-4.44424293872985
70,"f","api.urb",87811,1091,-4.3880920706807,-4.34958779588852,-4.38309571238415,-4.3160798793929,-4.37984355424145,-4.33660861444955
71,"f","api.urb",87477,1283,-4.22217481603422,-4.2419115404123,-4.26790838337834,-4.21591469744626,-4.26352293342592,-4.22897429016925
72,"f","api.urb",79821,1281,-4.13214560481594,-4.12423528493607,-4.14482441056129,-4.10364615931086,-4.14422694823054,-4.12133996588894
73,"f","api.urb",71412,1276,-4.02473573752812,-4.01145902945985,-4.03061651408877,-3.99230154483092,-4.02426997142834,-4.01370564160863
74,"f","api.urb",66597,1349,-3.89929595426112,-3.89898277398362,-3.921457809336,-3.87650773863124,-3.90529659166996,-3.90607131732833
75,"f","api.urb",69848,1646,-3.74797335025363,-3.78010651850739,-3.80905934366075,-3.75115369335404,-3.78842471022507,-3.79843699304802
76,"f","api.urb",63697,1536,-3.72495583098222,-3.67829559582463,-3.70076192725077,-3.65582926439849,-3.67437719887398,-3.69080266876771
77,"f","api.urb",59162,1682,-3.56029588234651,-3.57688467314187,-3.59465435734409,-3.55911498893964,-3.5635903518313,-3.58316834448741
78,"f","api.urb",56588,1774,-3.4625600647093,-3.4740737504591,-3.49054624180237,-3.45760125911584,-3.45629778216616,-3.4755340202071
79,"f","api.urb",58389,1967,-3.39061797652163,-3.36976282777634,-3.38903664242136,-3.35048901313132,-3.35259285258307,-3.3678996959268
80,"f","api.urb",53446,2061,-3.25548049646675,-3.25495190509357,-3.27977472838982,-3.23012908179733,-3.25247397387154,-3.26026537164649
81,"f","api.urb",49301,2093,-3.15934592135472,-3.14192459985186,-3.16125410274349,-3.12259509696024,-3.15587690793099,-3.15263104736619
82,"f","api.urb",46278,2388,-2.96421049064956,-3.02219729461015,-3.03739131325164,-3.00700327596867,-3.06269751035024,-3.04499672308588
83,"f","api.urb",45240,2418,-2.92904089905532,-2.90596998936844,-2.91967612367823,-2.89226385505866,-2.97280757265067,-2.93736239880558
84,"f","api.urb",42062,2565,-2.79718624163875,-2.79104268412673,-2.80668331799361,-2.77540205025986,-2.88606574473775,-2.82972807452527
85,"f","api.urb",37732,2617,-2.6684799172396,-2.67471537888502,-2.69474466076424,-2.65468609700581,-2.80232497798329,-2.72209375024496
86,"f","api.urb",31734,2477,-2.55034051080468,-2.55276372067084,-2.56984855642769,-2.53567888491399,-2.72143752173729,-2.61445942596466
87,"f","api.urb",26769,2353,-2.4315533918409,-2.43351206245666,-2.4482704527944,-2.41875367211893,-2.64325820744704,-2.50682510168435
88,"f","api.urb",23148,2201,-2.35299658116727,-2.31786040424248,-2.33123678455122,-2.30448402393375,-2.56764653961515,-2.39919077740405
89,"f","api.urb",18010,2020,-2.18782964777475,-2.19900874602831,-2.21224672197812,-2.18577077007849,-2.49446795971244,-2.29155645312374
90,"f","api.urb",14977,1897,-2.06624200005738,-2.08255708781413,-2.09693622049356,-2.06817795513469,-2.42359454073377,-2.18392212884344
91,"f","api.urb",11418,1561,-1.98986441600877,-1.97150542959995,-1.98804247583736,-1.95496838336254,-2.35490529353547,-2.07628780456313
92,"f","api.urb",8812,1413,-1.83039932523771,-1.86015377138577,-1.87952868640971,-1.84077885636183,-2.28828621211716,-1.96865348028282
93,"f","api.urb",6491,1121,-1.75619545796131,-1.75310211317159,-1.77574057068071,-1.73046365566248,-2.22363014695666,-1.86101915600251
94,"f","api.urb",4682,906,-1.64244134200788,-1.64955045495741,-1.67571935208511,-1.62338155782971,-2.16083656866613,-1.75338483172221
95,"f","api.urb",3370,702,-1.5687346193206,-1.54749879674323,-1.57737054907966,-1.5176270444068,-2.09981126529414,-1.6457505074419
96,"f","api.urb",2324,521,-1.49529507621843,-1.47892953369863,-1.5060214022372,-1.45183766516006,-2.04046600322192,-1.5381161831616
97,"f","api.urb",1554,384,-1.39794497833987,-1.41316027065402,-1.44652146017239,-1.37979908113566,-1.98271817215477,-1.4304818588813
98,"f","api.urb",982,251,-1.36413836922268,-1.35019100760942,-1.39523898717739,-1.30514302804145,-1.92649042804212,-1.32284753460099
99,"f","api.urb",563,156,-1.28342362089015,-1.29022174456482,-1.34923889319248,-1.23120459593716,-1.87171034306039,-1.21521321032068
100,"f","api.urb",364,109,-1.2058059854076,-1.23485248152021,-1.30883950114548,-1.16086546189495,-1.81831006849054,-1.10757888604038
101,"f","api.urb",209,66,-1.15267950993839,-1.18338321847561,-1.27283983469725,-1.09392660225397,-1.76622601401244,-0.999944561760072
102,"f","api.urb",118,43,-1.0094845087721,-1.13601395543101,-1.24121968327189,-1.03080822759012,-1.7153985453339,-0.892310237479765
103,"f","api.urb",46,17,-0.995428052432879,-1.0931446923864,-1.21427006556288,-0.972019319209922,-1.66577170096946,-0.784675913199459
104,"f","api.urb",33,10,-1.19392246847243,-1.0545754293418,-1.19173161314574,-0.917419245537861,-1.61729292823822,-0.677041588919153
105,"f","api.urb",18,3,-1.79175946922805,-1.0209061662972,-1.17416944747075,-0.867642885123639,-1.56991283805598,-0.569407264638847
106,"f","api.urb",11,1,-2.39789527279837,-0.992536903252592,-1.16196181236697,-0.823111994138209,-1.52358497778272,-0.461772940358541
107,"f","api.urb",4,1,-1.38629436111989,-0.968567640207989,-1.15419446524321,-0.782940815172769,-1.47826562119661,-0.354138616078236
108,"f","api.urb",1,0,-Inf,-0.949398377163385,-1.15125770538183,-0.74753904894494,-1.43391357456432,-0.246504291797931
109,"f","api.urb",2,2,0,-0.935829114118781,-1.15394470383409,-0.717713524403477,-1.39048999773567,-0.138869967517625
110,"f","api.urb",1,0,-Inf,-0.937459851074178,-1.17185051734913,-0.703069184799228,-1.34795823919063,-0.031235643237319
65,"m","atc",159147,2163,-4.29833215643814,-4.29130457899386,-4.3207793564329,-4.26182980155482,-4.1703025087128,-4.27376720258255
66,"m","atc",145258,2170,-4.20378430411561,-4.19069246093248,-4.21328481466915,-4.16810010719582,-4.11971494291451,-4.17551236036677
67,"m","atc",135838,2295,-4.08073015573837,-4.08838034287111,-4.1057516765219,-4.07100900922033,-4.05329676717529,-4.07725751815099
68,"m","atc",124530,2402,-3.94824492707527,-3.98056822480974,-3.99615055009878,-3.9649858995207,-3.97415140151937,-3.97900267593522
69,"m","atc",109704,2254,-3.88507941407997,-3.87815610674837,-3.89641949452781,-3.85989271896892,-3.88539160785682,-3.88074783371943
70,"m","atc",98756,2257,-3.77861566359372,-3.77114398868699,-3.79510209061753,-3.74718588675646,-3.78986512653965,-3.78249299150365
71,"m","atc",93089,2357,-3.6761664008243,-3.67886108037173,-3.69742011411744,-3.66030204662602,-3.69000640011465,-3.68423814928787
72,"m","atc",83205,2289,-3.59319240120488,-3.57947817205646,-3.59450661989417,-3.56444972421874,-3.5877910371777,-3.5859833070721
73,"m","atc",74374,2303,-3.4748937975587,-3.48359526374119,-3.49836821810461,-3.46882230937777,-3.48475702528809,-3.48772846485632
74,"m","atc",67897,2237,-3.41285616845907,-3.38711235542592,-3.40504544055405,-3.36917927029779,-3.38206026959752,-3.38947362264054
75,"m","atc",65922,2438,-3.29729419388772,-3.28752944711065,-3.31067940022459,-3.26437949399671,-3.28054169588468,-3.29121878042476
76,"m","atc",59826,2492,-3.1783547481495,-3.19295396024742,-3.21087186812824,-3.17503605236661,-3.18079265372203,-3.19296393820898
77,"m","atc",53131,2458,-3.07341255089983,-3.0974784733842,-3.11210681855686,-3.08285012821154,-3.08321231924349,-3.0947090959932
78,"m","atc",47716,2387,-2.99522942406301,-3.00250298652097,-3.01715670646414,-2.9878492665778,-2.9880550800679,-2.99645425377742
79,"m","atc",45099,2462,-2.90788604555155,-2.90622749965774,-2.92420750243506,-2.88824749688043,-2.89546815190712,-2.89819941156164
80,"m","atc",39886,2419,-2.80267115350314,-2.79915201279452,-2.82238206784372,-2.77592195774531,-2.80552066951295,-2.79994456934586
81,"m","atc",33745,2241,-2.71191006337658,-2.70343275683653,-2.72152407788492,-2.68534143578814,-2.71822577917341,-2.70168972713008
82,"m","atc",29150,2126,-2.61821263287674,-2.60381350087854,-2.61865513563961,-2.58897186611747,-2.6335571978146,-2.6034348849143
83,"m","atc",26690,2183,-2.50358888584863,-2.50559424492055,-2.5203783625102,-2.4908101273309,-2.55146150145724,-2.50518004269852
84,"m","atc",23471,2128,-2.40058304506001,-2.40727498896256,-2.42522447165279,-2.38932550627234,-2.47186716999262,-2.40692520048274
85,"m","atc",20155,1968,-2.32643459793907,-2.30825573300458,-2.33130167646991,-2.28520978953924,-2.39469119484329,-2.30867035826696
86,"m","atc",16533,1847,-2.1917956823521,-2.2060444470207,-2.22564145320059,-2.18644744084081,-2.3198438691548,-2.21041551605118
87,"m","atc",13502,1709,-2.06692941848622,-2.10813316103682,-2.1252213039023,-2.09104501817135,-2.24723222981236,-2.11216067383541
88,"m","atc",11085,1485,-2.01017807081361,-2.00982187505295,-2.025790639449,-1.9938531106569,-2.17676250341392,-2.01390583161962
89,"m","atc",8832,1237,-1.96569239612439,-1.91081058906907,-1.92733430174061,-1.89428687639754,-2.108341818829,-1.91565098940385
90,"m","atc",6988,1167,-1.78975803896739,-1.8106993030852,-1.82930305429122,-1.79209555187918,-2.04187938146711,-1.81739614718807
91,"m","atc",5301,933,-1.73724556014046,-1.71538801710132,-1.73716417084317,-1.69361186335947,-1.9772872538736,-1.71914130497229
92,"m","atc",3982,769,-1.6444485151185,-1.61837673111745,-1.64401531569248,-1.59273814654241,-1.91448084967437,-1.62088646275651
93,"m","atc",2954,663,-1.49414047290546,-1.52506544513357,-1.55499048482616,-1.49514040544099,-1.85337921998542,-1.52263162054073
94,"m","atc",2074,493,-1.43672521474678,-1.4354541591497,-1.46993188843345,-1.40097642986594,-1.79390519072319,-1.42437677832495
95,"m","atc",1310,345,-1.33423799916384,-1.36214287316582,-1.40134688401795,-1.32293886231369,-1.7359853939343,-1.32612193610917
96,"m","atc",979,269,-1.29182026292867,-1.29361408593027,-1.3291961146634,-1.25803205719714,-1.67955022491865,-1.22786709389339
97,"m","atc",675,188,-1.27827072804258,-1.22758529869472,-1.26933265257412,-1.18583794481532,-1.62453374851369,-1.12961225167761
98,"m","atc",429,145,-1.08472317650744,-1.16445651145917,-1.2189288606686,-1.10998416224974,-1.5708735716765,-1.03135740946183
99,"m","atc",288,102,-1.03798766685167,-1.10412772422362,-1.17440764017514,-1.03384780827211,-1.51851069487919,-0.933102567246054
100,"m","atc",202,56,-1.28291600666606,-1.04879893698807,-1.13631425467135,-0.961283619304799,-1.46738935140428,-0.834847725030276
101,"m","atc",123,51,-0.880358722648092,-0.996670149752526,-1.10215109380193,-0.891189205703123,-1.41745684108484,-0.736592882814496
102,"m","atc",63,27,-0.847297860387204,-0.948041362516977,-1.07190081016308,-0.824181914870876,-1.36866336314791,-0.638338040598717
103,"m","atc",45,21,-0.762140052046897,-0.903312575281428,-1.04580373455153,-0.760821416011329,-1.32096185142496,-0.540083198382937
104,"m","atc",22,10,-0.78845736036427,-0.862583788045879,-1.02387214055272,-0.701295435539036,-1.27430781416129,-0.441828356167159
105,"m","atc",15,6,-0.916290731874155,-0.82625500081033,-1.00645424976521,-0.646055751855452,-1.22865917989695,-0.343573513951379
106,"m","atc",6,1,-1.79175946922805,-0.793026213574781,-0.992217680457094,-0.593834746692467,-1.18397615033492,-0.2453186717356
107,"m","atc",5,3,-0.510825623765991,-0.763697426339232,-0.981941203155087,-0.545453649523376,-1.14022106070683,-0.147063829519821
108,"m","atc",2,0,-Inf,-0.737768639103682,-0.975110346867543,-0.500426931339822,-1.09735824785367,-0.0488089873040408
109,"m","atc",2,0,-Inf,-0.715039851868133,-0.971514920549239,-0.458564783187028,-1.05535392603056,0.0494458549117421
110,"m","atc",1,0,-Inf,-0.711711064632584,-0.987347546163941,-0.436074583101228,-1.01417607029858,0.147700697127514
65,"m","total",518237,9926,-3.9552750894173,-3.92882099587198,-3.94224530927064,-3.91539668247332,NA,NA
66,"m","total",505744,10854,-3.84149693676731,-3.85420392327221,-3.8644980864746,-3.84390976006982,NA,NA
67,"m","total",501968,11674,-3.76117222585841,-3.77788685067244,-3.78576304466196,-3.77001065668293,NA,NA
68,"m","total",466863,11652,-3.69055801364833,-3.69606977807268,-3.70302722713068,-3.68911232901467,NA,NA
69,"m","total",425542,11475,-3.61319289459862,-3.61965270547291,-3.62772022014225,-3.61158519080357,NA,NA
70,"m","total",399353,11638,-3.53557013130804,-3.53863563287314,-3.5492219692742,-3.52804929647208,NA,NA
71,"m","total",396562,12119,-3.48805792808626,-3.46657492500158,-3.47476911026553,-3.45838073973764,NA,NA
72,"m","total",365404,12188,-3.40055172966803,-3.38741421713003,-3.39401424663347,-3.38081418762658,NA,NA
73,"m","total",332402,12133,-3.31041606674063,-3.31175350925847,-3.31818139151594,-3.30532562700099,NA,NA
74,"m","total",305915,12349,-3.20973219745152,-3.23549280138691,-3.24326560749209,-3.22771999528174,NA,NA
75,"m","total",319389,13262,-3.18150699266698,-3.15613209351535,-3.16617484825419,-3.14608933877652,NA,NA
76,"m","total",278448,12885,-3.07316748328749,-3.0763759261098,-3.08415360387613,-3.06859824834346,NA,NA
77,"m","total",246699,12369,-2.99297562762794,-2.99571975870424,-3.0021028654311,-2.98933665197738,NA,NA
78,"m","total",223354,12518,-2.88159034824651,-2.91556359129868,-2.92201434806768,-2.90911283452968,NA,NA
79,"m","total",219125,12760,-2.84332706532475,-2.83410742389313,-2.84205077996321,-2.82616406782304,NA,NA
80,"m","total",189187,12103,-2.74928258814124,-2.74185125648757,-2.75210786312799,-2.73159464984715,NA,NA
81,"m","total",162563,11297,-2.66652841519945,-2.66041807484567,-2.66841239587143,-2.6524237538199,NA,NA
82,"m","total",148088,11423,-2.56217782490557,-2.57508489320377,-2.58158780410028,-2.56858198230725,NA,NA
83,"m","total",140269,11424,-2.50784560200079,-2.49115171156187,-2.49750261891211,-2.48480080421163,NA,NA
84,"m","total",125232,11063,-2.42656181000971,-2.40711852991997,-2.41473743343642,-2.39949962640352,NA,NA
85,"m","total",112132,10756,-2.34421301034695,-2.32238534827806,-2.33215411739157,-2.31261657916456,NA,NA
86,"m","total",92756,9907,-2.2367308114313,-2.2476404679797,-2.25602019325719,-2.23926074270221,NA,NA
87,"m","total",79234,9114,-2.16259380678814,-2.17719558768134,-2.18450193640738,-2.16988923895529,NA,NA
88,"m","total",68017,8619,-2.06578860526605,-2.10635070738297,-2.11305277109009,-2.09964864367586,NA,NA
89,"m","total",56415,7323,-2.04171500051148,-2.03480582708461,-2.0415009427975,-2.02811071137172,NA,NA
90,"m","total",47159,6708,-1.95022402707287,-1.96216094678624,-1.96944816032305,-1.95487373324944,NA,NA
91,"m","total",37819,5647,-1.90168719115355,-1.89431606648788,-1.90266797513802,-1.88596415783774,NA,NA
92,"m","total",29847,4896,-1.80766578706531,-1.82477118618952,-1.83450654778098,-1.81503582459805,NA,NA
93,"m","total",23120,4118,-1.72533043519858,-1.75892630589115,-1.77024761954197,-1.74760499224033,NA,NA
94,"m","total",18149,3277,-1.71168709305759,-1.69678142559279,-1.70981749135248,-1.6837453598331,NA,NA
95,"m","total",15226,2764,-1.7063255869786,-1.65093654529442,-1.66577156698126,-1.63610152360758,NA,NA
96,"m","total",11493,2187,-1.65920741269199,-1.62772049085274,-1.64073967306632,-1.61470130863916,NA,NA
97,"m","total",9251,1839,-1.615509708167,-1.60700443641106,-1.62013091781523,-1.59387795500689,NA,NA
98,"m","total",6895,1397,-1.59646943097044,-1.58918838196938,-1.60430440307547,-1.57407236086329,NA,NA
99,"m","total",5406,1060,-1.62924053973028,-1.5741723275277,-1.5925589489027,-1.55578570615269,NA,NA
100,"m","total",3951,803,-1.59336927646463,-1.56415627308601,-1.5865398779918,-1.54177266818023,NA,NA
101,"m","total",2560,598,-1.45417178352298,-1.55734021864433,-1.58412394249019,-1.53055649479848,NA,NA
102,"m","total",1784,390,-1.52046657401626,-1.55402416420265,-1.58544221839138,-1.52260611001392,NA,NA
103,"m","total",1442,310,-1.5372140203657,-1.55460810976097,-1.59080485777019,-1.51841136175174,NA,NA
104,"m","total",1013,227,-1.49572148676728,-1.55919205531929,-1.60026149864839,-1.51812261199018,NA,NA
105,"m","total",746,158,-1.55213056717679,-1.5681760008776,-1.61418228257657,-1.52216971917864,NA,NA
106,"m","total",377,68,-1.7127374822719,-1.58025994643592,-1.63124858151913,-1.52927131135271,NA,NA
107,"m","total",336,68,-1.5976034547871,-1.59624389199424,-1.6522482492445,-1.54023953474398,NA,NA
108,"m","total",289,62,-1.53929230306734,-1.61562783755256,-1.67667306116476,-1.55458261394036,NA,NA
109,"m","total",204,32,-1.85238409104449,-1.63821178311088,-1.7043172654266,-1.57210630079515,NA,NA
110,"m","total",112,20,-1.7227665977411,-1.68019572866919,-1.75137672634419,-1.6090147309942,NA,NA
65,"m","api.urb",90943,1092,-4.42222205931385,-4.26377798232998,-4.29997894537582,-4.22757701928413,-4.3173318470704,-4.14120990767137
66,"m","api.urb",97334,1657,-4.07313962444736,-4.14511718429157,-4.17289615174513,-4.11733821683802,-4.16601757747318,-4.04851254535809
67,"m","api.urb",96437,1832,-3.96348167915288,-4.02475638625317,-4.0457779296998,-4.00373484280654,-4.02651046025064,-3.95581518304481
68,"m","api.urb",87025,1825,-3.86461544666305,-3.89889558821477,-3.91681799022248,-3.88097318620706,-3.8969844590532,-3.86311782073152
69,"m","api.urb",77805,1804,-3.76419927483104,-3.77843479017637,-3.7986731855507,-3.75819639480204,-3.77602185109698,-3.77042045841824
70,"m","api.urb",72380,1898,-3.64112931794786,-3.65337399213797,-3.67996432402164,-3.6267836602543,-3.66249758283621,-3.67772309610496
71,"m","api.urb",71179,1876,-3.63605598050919,-3.56574477915276,-3.58632403123149,-3.54516552707404,-3.55550228837062,-3.58502573379168
72,"m","api.urb",63795,1900,-3.51382093120131,-3.47101556616756,-3.48752717301073,-3.45450395932439,-3.45428934215149,-3.4923283714784
73,"m","api.urb",57595,1945,-3.38817378130806,-3.37978635318235,-3.39573716453963,-3.36383554182507,-3.35823741296695,-3.39963100916512
74,"m","api.urb",52548,2057,-3.24047842693644,-3.28795714019715,-3.30716368291976,-3.26875059747453,-3.2668233363778,-3.30693364685184
75,"m","api.urb",54253,2112,-3.24602292458676,-3.19302792721194,-3.2178477149174,-3.16820813950648,-3.17960204619336,-3.21423628453855
76,"m","api.urb",48409,2210,-3.08669323131951,-3.10879386299513,-3.12797450675799,-3.08961321923227,-3.09619145220756,-3.12153892222527
77,"m","api.urb",42558,2098,-3.0098833414739,-3.02365979877832,-3.03951942117466,-3.00780017638199,-3.01626085778814,-3.02884155991199
78,"m","api.urb",37286,2128,-2.86343534959387,-2.93902573456152,-2.9553632204126,-2.92268824871043,-2.93952195883446,-2.93614419759871
79,"m","api.urb",34221,1930,-2.87531948779708,-2.85309167034471,-2.87344000097151,-2.83274333971791,-2.86572175703866,-2.84344683528543
80,"m","api.urb",28267,1749,-2.78265085047658,-2.7563576061279,-2.78268156800001,-2.73003364425579,-2.79463691438238,-2.75074947297215
81,"m","api.urb",23921,1607,-2.70038764747328,-2.66647254051017,-2.68705767518982,-2.64588740583051,-2.72606920763684,-2.65805211065887
82,"m","api.urb",21521,1698,-2.53957811472629,-2.57268747489243,-2.58928712874215,-2.55608782104272,-2.65984183291297,-2.56535474834559
83,"m","api.urb",21178,1716,-2.51296690594249,-2.4803024092747,-2.49606163460769,-2.46454318394171,-2.59579637458638,-2.47265738603231
84,"m","api.urb",19355,1783,-2.38465344514861,-2.38781734365697,-2.40631495959191,-2.36931972772202,-2.53379029889217,-2.37996002371902
85,"m","api.urb",18143,1837,-2.29015100515504,-2.29463227803923,-2.3182325819456,-2.27103197413287,-2.47369486583005,-2.28726266140574
86,"m","api.urb",16224,1798,-2.19981669135934,-2.19883002969346,-2.2188868196819,-2.17877323970501,-2.41539337752507,-2.19456529909246
87,"m","api.urb",14617,1799,-2.09495427993876,-2.10732778134768,-2.12462376092743,-2.09003180176792,-2.35877969941535,-2.10186793677918
88,"m","api.urb",12810,1809,-1.95745190949548,-2.0154255330019,-2.03116092621022,-1.99969013979358,-2.3037570043454,-2.0091705744659
89,"m","api.urb",10334,1446,-1.96663830612842,-1.92282328465612,-1.9385595451405,-1.90708702417175,-2.25023670005932,-1.91647321215262
90,"m","api.urb",8229,1294,-1.84992630454487,-1.82912103631035,-1.84641938286308,-1.81182268975762,-2.19813750857955,-1.82377584983933
91,"m","api.urb",6415,1075,-1.78631833648797,-1.74021878796457,-1.76027897983053,-1.72015859609861,-2.14738467214203,-1.73107848752605
92,"m","api.urb",4836,924,-1.655131140093,-1.64961653961879,-1.67322089105564,-1.62601218818194,-2.09790926518808,-1.63838112521277
93,"m","api.urb",3615,737,-1.59025924240353,-1.56271429127301,-1.59034570673846,-1.53508287580756,-2.04964759571143,-1.54568376289949
94,"m","api.urb",2525,589,-1.45557015805787,-1.47951204292723,-1.51147139898002,-1.44755268687445,-2.0025406822699,-1.45298640058621
95,"m","api.urb",1712,448,-1.3406243242867,-1.41260979458146,-1.44909104130916,-1.37612854785375,-1.95653379537425,-1.36028903827293
96,"m","api.urb",1305,353,-1.3074902628235,-1.34429098625189,-1.37712547615054,-1.31145649635324,-1.91157605389615,-1.26759167595965
97,"m","api.urb",963,265,-1.2903235858119,-1.27847217792232,-1.31723611997418,-1.23970823587047,-1.86762006869744,-1.17489431364637
98,"m","api.urb",525,166,-1.15141047423508,-1.21555336959275,-1.26658766974758,-1.16451906943793,-1.82462162695081,-1.08219695133309
99,"m","api.urb",415,116,-1.27468832912433,-1.15543456126319,-1.22164387702451,-1.08922524550186,-1.78253941165848,-0.989499589019805
100,"m","api.urb",228,91,-0.918486122437591,-1.10031575293362,-1.18302103878205,-1.01761046708519,-1.74133475172711,-0.896802226706524
101,"m","api.urb",146,45,-1.17694413193802,-1.04839694460405,-1.14826672097988,-0.948527168228229,-1.70097139866037,-0.804104864393242
102,"m","api.urb",75,22,-1.22644566017799,-0.999978136274486,-1.11738809016188,-0.882568182387088,-1.66141532651414,-0.711407502079962
103,"m","api.urb",42,16,-0.965080896043587,-0.955459327944918,-1.09063898404273,-0.820279671847108,-1.62263455224535,-0.618710139766679
104,"m","api.urb",27,12,-0.810930216216329,-0.914940519615351,-1.06803950291048,-0.761841536320224,-1.58459897399257,-0.526012777453398
105,"m","api.urb",15,13,-0.143100843640673,-0.878821711285783,-1.04994264823296,-0.707700774338609,-1.5472802251682,-0.433315415140118
106,"m","api.urb",10,2,-1.6094379124341,-0.845802902956216,-1.03501909821908,-0.656586707693354,-1.51065154253069,-0.340618052826836
107,"m","api.urb",5,1,-1.6094379124341,-0.816684094626649,-1.02404966349049,-0.609318525762803,-1.47468764664943,-0.247920690513555
108,"m","api.urb",2,0,-Inf,-0.790965286297081,-1.01652128125864,-0.565409291335527,-1.43936463338232,-0.155223328200273
109,"m","api.urb",0,0,NA,-0.768446477967514,-1.01222476184113,-0.524668194093899,-1.4046598751634,-0.0625259658869922
110,"m","api.urb",1,0,-Inf,-0.765327669637947,-1.02735345773147,-0.503301881544425,-1.37055193104867,0.0301713964262896
65,"f","api.rur",156023,1710,-4.5135100617648,-4.53385161013647,-4.56689047575496,-4.50081274451798,-4.44219748221938,-4.55014500347213
66,"f","api.rur",142766,1748,-4.40273464908487,-4.43998583755428,-4.46543534836846,-4.4145363267401,-4.40786914780238,-4.4520328157296
67,"f","api.rur",147994,1859,-4.37713302366248,-4.34522006497209,-4.36458417314098,-4.3258559568032,-4.35315473992809,-4.35392062798708
68,"f","api.rur",137652,1831,-4.31986649539476,-4.24175429238991,-4.25829031049714,-4.22521827428268,-4.28126208990489,-4.25580844024456
69,"f","api.rur",128033,2082,-4.11895907299891,-4.14348851980772,-4.16201124179126,-4.12496579782418,-4.19583014229669,-4.15769625250204
70,"f","api.rur",124200,2247,-4.01229717629619,-4.03492274722553,-4.05908723955803,-4.01075825489304,-4.10044741398725,-4.05958406475952
71,"f","api.rur",131843,2444,-3.98797577944729,-3.95804535520084,-3.97680911042919,-3.9392815999725,-3.99832852152473,-3.96147187701699
72,"f","api.rur",119865,2534,-3.85656702759559,-3.87116796317615,-3.88598831486863,-3.85634761148368,-3.89215733079291,-3.86335968927447
73,"f","api.rur",109897,2541,-3.76698585915574,-3.78919057115146,-3.80285130435821,-3.77552983794472,-3.78405711245258,-3.76524750153195
74,"f","api.rur",103261,2660,-3.65893364090308,-3.70751317912677,-3.72341905642546,-3.69160730182809,-3.6756365536476,-3.66713531378943
75,"f","api.rur",115645,3091,-3.62203049069748,-3.61943578710209,-3.63990006639487,-3.5989715078093,-3.56806971204232,-3.5690231260469
76,"f","api.rur",102893,3177,-3.47775225802778,-3.49250109392392,-3.50857813684568,-3.47642405100217,-3.46218296445177,-3.47091093830438
77,"f","api.rur",97802,3236,-3.40860702753318,-3.36596640074577,-3.3783476862584,-3.35358511523313,-3.35853482236839,-3.37279875056186
78,"f","api.rur",93210,3586,-3.25781763689012,-3.23803170756761,-3.24819347377659,-3.22786994135862,-3.25748299798869,-3.27468656281934
79,"f","api.rur",96427,4054,-3.16908219735833,-3.10859701438945,-3.11900696605741,-3.09818706272148,-3.15923784796705,-3.17657437507682
80,"f","api.rur",78759,3714,-3.0542830939594,-2.96866232121128,-2.98164742940012,-2.95567721302245,-3.06390353560149,-3.07846218733429
81,"f","api.rur",64815,3325,-2.97006738394419,-2.89538248486809,-2.90736064264281,-2.88340432709336,-2.97150901652647,-2.98034999959177
82,"f","api.rur",59224,3540,-2.81720013799511,-2.81540264852489,-2.82645391536427,-2.80435138168551,-2.88203099342265,-2.88223781184925
83,"f","api.rur",59266,3693,-2.77559664988408,-2.73892281218169,-2.74914904022105,-2.72869658414234,-2.79541072181653,-2.78412562410673
84,"f","api.rur",51053,3510,-2.67724827132202,-2.6637429758385,-2.67327250820632,-2.65421344347067,-2.71156619896021,-2.68601343636421
85,"f","api.rur",45750,3544,-2.5579357589787,-2.5871631394953,-2.59615420397424,-2.57817207501636,-2.6304009304719,-2.58790124862168
86,"f","api.rur",36826,3127,-2.46613003896932,-2.5111833031521,-2.51982376030774,-2.50254284599647,-2.55181018222772,-2.48978906087916
87,"f","api.rur",31492,3010,-2.34779346656144,-2.43790346680891,-2.44640445294764,-2.42940248067018,-2.47568539550774,-2.39167687313664
88,"f","api.rur",27683,2925,-2.24752402569569,-2.36822363046571,-2.3768065808257,-2.35964068010572,-2.40191726661952,-2.29356468539411
89,"f","api.rur",24225,2697,-2.19524511361924,-2.29534379412251,-2.30422401453149,-2.28646357371353,-2.33039785906302,-2.19545249765159
90,"f","api.rur",21113,2549,-2.11418783911197,-2.22486395777932,-2.23423628930465,-2.21549162625399,-2.26102201738976,-2.09734030990907
91,"f","api.rur",17159,2285,-2.01615679295732,-2.15978412143612,-2.16981476887325,-2.14975347399899,-2.19368827907458,-1.99922812216655
92,"f","api.rur",14108,1921,-1.99389612858739,-2.09440428509292,-2.10522917233825,-2.08357939784759,-2.12829942736471,-1.90111593442403
93,"f","api.rur",10953,1539,-1.96248053648487,-2.03332444874972,-2.04505191590247,-2.02159698159698,-2.06476278910286,-1.80300374668151
94,"f","api.rur",9783,1380,-1.95856268630618,-1.97574461240653,-1.98845994936007,-1.96302927545298,-2.00299035310024,-1.70489155893899
95,"f","api.rur",9186,1323,-1.93777870077078,-1.91966477606333,-1.9334349288564,-1.90589462327026,-1.94289876391546,-1.60677937119647
96,"f","api.rur",7492,1066,-1.94992245883819,-1.86488493972013,-1.8797626219363,-1.85000725750397,-1.88440923078706,-1.50866718345394
97,"f","api.rur",6775,965,-1.94886654440892,-1.81290510337694,-1.82893210416887,-1.796878102585,-1.82744738044688,-1.41055499571142
98,"f","api.rur",5841,828,-1.95364413965505,-1.76372526703374,-1.78093500517013,-1.74651552889735,-1.77194307449646,-1.3124428079689
99,"f","api.rur",4823,716,-1.90747125310833,-1.71754543069054,-1.73596488847681,-1.69912597290428,-1.71783020615561,-1.21433062022637
100,"f","api.rur",3508,547,-1.85835255107009,-1.67596559434735,-1.69561677165649,-1.6563144170382,-1.66504648690255,-1.11621843248385
101,"f","api.rur",2147,359,-1.7885044093905,-1.63828575800415,-1.65918676564038,-1.61738475036791,-1.61353323039435,-1.01810624474133
102,"f","api.rur",1557,263,-1.77836213965623,-1.60470592166095,-1.62687180709021,-1.58254003623169,-1.56323513877371,-0.919994056998808
103,"f","api.rur",1180,218,-1.68877465467062,-1.57562608531775,-1.59906946049273,-1.55218271014278,-1.51410009480688,-0.821881869256286
104,"f","api.rur",995,190,-1.65571866499811,-1.55084624897456,-1.57557777154,-1.52611472640911,-1.46607896209297,-0.723769681513764
105,"f","api.rur",738,135,-1.69866904616204,-1.53096641263136,-1.55699515795829,-1.50493766730443,-1.41912539471523,-0.625657493771242
106,"f","api.rur",377,76,-1.60151184716168,-1.51638657628816,-1.54372032766375,-1.48905282491258,-1.37319565708189,-0.52754530602872
107,"f","api.rur",332,73,-1.5146755277681,-1.50620673994497,-1.53485221692317,-1.47756126296676,-1.32824845426149,-0.429433118286198
108,"f","api.rur",223,45,-1.6005092816898,-1.50082690360177,-1.5307899432412,-1.47086386396234,-1.28424477280837,-0.331320930543675
109,"f","api.rur",167,27,-1.82215694641243,-1.50104706725857,-1.53233276916277,-1.46976136535438,-1.24114773186172,-0.233208742801154
110,"f","api.rur",85,13,-1.87770189902878,-1.51646723091538,-1.5490800742278,-1.48385438760295,-1.1989224441601,-0.135096555058632
65,"f","bpc",51618,522,-4.59395813996676,-4.37611355115162,-4.42291338705262,-4.32931371525061,-4.22264583363347,-4.25215783326803
66,"f","bpc",66510,1058,-4.14097197886022,-4.25952385816994,-4.29561605277177,-4.22343166356812,-4.15355004382202,-4.16343963520006
67,"f","bpc",73586,1239,-4.0841501876029,-4.14203416518827,-4.16892241241376,-4.11514591796279,-4.07616843971967,-4.0747214371321
68,"f","bpc",71501,1259,-4.03939368055393,-4.0158444722066,-4.03708637945171,-3.99460256496149,-3.9926222164613,-3.98600323906413
69,"f","bpc",69011,1416,-3.88642991690952,-3.89485477922493,-3.91693121156416,-3.8727783468857,-3.90478735147017,-3.89728504099616
70,"f","bpc",69858,1607,-3.77209552352756,-3.76356508624326,-3.79239958924081,-3.7347305832457,-3.81424844054742,-3.80856684292819
71,"f","bpc",74091,1756,-3.74225557222268,-3.6947658358763,-3.717068112459,-3.6724635592936,-3.72229545195709,-3.71984864486023
72,"f","bpc",68880,1882,-3.60003081895629,-3.61596658550935,-3.6335394238447,-3.598393747174,-3.62994664956801,-3.63113044679226
73,"f","bpc",64325,1915,-3.5142307355352,-3.54206733514239,-3.55836665667069,-3.52576801361409,-3.53798425892265,-3.54241224872429
74,"f","bpc",61751,1928,-3.46662697352059,-3.46846808477544,-3.48765092205617,-3.44928524749471,-3.44699376842079,-3.45369405065632
75,"f","bpc",67655,2235,-3.41018003365008,-3.38846883440848,-3.41328303878276,-3.3636546300342,-3.35740152682147,-3.36497585258836
76,"f","bpc",54401,2075,-3.26642138236322,-3.28879688658568,-3.30834170522625,-3.26925206794511,-3.26950801783047,-3.27625765452039
77,"f","bpc",44695,1825,-3.19828165150536,-3.18952493876287,-3.20494903506898,-3.17410084245677,-3.18351591250458,-3.18753945645242
78,"f","bpc",39086,1844,-3.05382722147348,-3.08885299094007,-3.1023974795694,-3.07530850231074,-3.09955296515513,-3.09882125838446
79,"f","bpc",39643,1836,-3.07232509552999,-2.98668104311727,-3.00146790254728,-2.97189418368726,-3.01769028480529,-3.01010306031649
80,"f","bpc",33389,1873,-2.88068508095858,-2.87400909529446,-2.89254276372731,-2.85547542686162,-2.93795668327797,-2.92138486224852
81,"f","bpc",27731,1565,-2.87466509701204,-2.79620494261346,-2.81347927664186,-2.77893060858505,-2.86034980944828,-2.83266666418055
82,"f","bpc",24430,1589,-2.73270699771507,-2.71170078993245,-2.72781823408717,-2.69558334577774,-2.78484471154581,-2.74394846611259
83,"f","bpc",23460,1691,-2.62997677330889,-2.63069663725145,-2.64578322186973,-2.61561005263316,-2.71140037378164,-2.65523026804462
84,"f","bpc",20350,1553,-2.57289236772205,-2.55099248457044,-2.56520169651967,-2.53678327262122,-2.63996467521067,-2.56651206997665
85,"f","bpc",17760,1526,-2.45429880470176,-2.46988833188944,-2.48340358299329,-2.45637308078558,-2.57047812934295,-2.47779387190868
86,"f","bpc",13452,1243,-2.38159998134945,-2.38938417920843,-2.40241821005048,-2.37635014836638,-2.50287668687994,-2.38907567384072
87,"f","bpc",11566,1182,-2.28086184075212,-2.31158002652742,-2.32436961397158,-2.29879043908327,-2.43709382156592,-2.30035747577275
88,"f","bpc",9792,1087,-2.1981441176309,-2.23737587384642,-2.25017137201573,-2.2245803756771,-2.37306206927101,-2.21163927770479
89,"f","bpc",7594,969,-2.05884912890098,-2.15997172116541,-2.17302314404643,-2.1469202982844,-2.31071415119323,-2.12292107963682
90,"f","bpc",6201,773,-2.08218679976246,-2.08496756848441,-2.09851076398792,-2.0714243729809,-2.24998378154373,-2.03420288156885
91,"f","bpc",4982,691,-1.97544687205446,-2.0153634158034,-2.02960982900401,-2.0011170026028,-2.19080623650283,-1.94548468350088
92,"f","bpc",4302,645,-1.8975849930319,-1.9454592631224,-1.96059088805588,-1.93032763818892,-2.1331187431098,-1.85676648543291
93,"f","bpc",3605,639,-1.73017259534151,-1.87985511044139,-1.89602407752595,-1.86368614335683,-2.07686073285808,-1.76804828736494
94,"f","bpc",3540,654,-1.68877465467062,-1.81775095776039,-1.8350821019651,-1.80041981355567,-2.02197399414105,-1.67933008929698
95,"f","bpc",3439,618,-1.71644755297458,-1.75714680507938,-1.77574156944241,-1.73855204071635,-1.96840274957037,-1.59061189122901
96,"f","bpc",2777,558,-1.60476752492549,-1.69784265239838,-1.7177832041309,-1.67790210066585,-1.91609367798281,-1.50189369316104
97,"f","bpc",2515,467,-1.68369882486494,-1.64133849971737,-1.66269147572746,-1.61998552370728,-1.86499589620906,-1.41317549509308
98,"f","bpc",1916,411,-1.53940174403457,-1.58763434703637,-1.610454014102,-1.56481467997073,-1.81506091205281,-1.32445729702511
99,"f","bpc",1771,350,-1.62136648329937,-1.53693019435536,-1.56126100743044,-1.51259938128029,-1.76624255715684,-1.23573909895714
100,"f","bpc",1464,334,-1.47778670154456,-1.49082604167436,-1.51670466923091,-1.4649474141178,-1.7184969063122,-1.14702090088918
101,"f","bpc",1084,241,-1.50361624850894,-1.44862188899335,-1.47607879892395,-1.42116497906275,-1.67178218814406,-1.05830270282121
102,"f","bpc",890,223,-1.38404969126607,-1.41051773631235,-1.43957843281246,-1.38145703981223,-1.62605869086648,-0.96958450475324
103,"f","bpc",775,182,-1.44885634227655,-1.37691358363134,-1.4075995722681,-1.34622759499458,-1.58128866584835,-0.880866306685273
104,"f","bpc",610,170,-1.2776605201171,-1.34760943095033,-1.37993897402734,-1.31527988787332,-1.53743623100635,-0.792148108617305
105,"f","bpc",454,99,-1.52297734790676,-1.32320527826933,-1.35719398892346,-1.2892165676152,-1.49446727548663,-0.703429910549339
106,"f","bpc",293,52,-1.72892889043564,-1.30410112558832,-1.33976243778657,-1.26843981339008,-1.45234936667372,-0.614711712481371
107,"f","bpc",269,64,-1.43582829624217,-1.28939697290732,-1.32674251565181,-1.25205143016283,-1.41105166024386,-0.525993514413405
108,"f","bpc",528,106,-1.60565718959419,-1.27949282022631,-1.3185327174786,-1.24045292297403,-1.37054481373666,-0.437275316345436
109,"f","bpc",612,124,-1.59645071690729,-1.27518866754531,-1.31593178023281,-1.23444555485781,-1.33080090393506,-0.34855711827747
110,"f","bpc",298,59,-1.61955604259969,-1.2860845148643,-1.32853863745414,-1.24363039227446,-1.29179334820643,-0.259838920209503
65,"m","api.rur",127085,1902,-4.20195018979841,-4.20835725901628,-4.23938540301194,-4.17732911502063,-4.18827449409252,-4.20898939674338
66,"m","api.rur",119270,1938,-4.119733317122,-4.11733498811811,-4.14119513120708,-4.09347484502914,-4.11505496158639,-4.11659572463306
67,"m","api.rur",122826,2194,-4.0250423578335,-4.02461271721995,-4.04277715136268,-4.00644828307722,-4.03280936701093,-4.02420205252275
68,"m","api.rur",113903,2236,-3.93065865370719,-3.92639044632178,-3.94203226329787,-3.9107486293457,-3.94399318494037,-3.93180838041243
69,"m","api.rur",106079,2274,-3.84264370421711,-3.83356817542361,-3.8512731391341,-3.81586321171313,-3.85075037135775,-3.83941470830212
70,"m","api.rur",100923,2442,-3.72154047415857,-3.73614590452545,-3.7593050187735,-3.71298679027739,-3.75486278372188,-3.74702103619181
71,"m","api.rur",101898,2611,-3.6642390232337,-3.65591539392898,-3.67387986648849,-3.63795092136946,-3.65775409840452,-3.6546273640815
72,"m","api.rur",95841,2634,-3.59418696504838,-3.5685848833325,-3.58283330683551,-3.5543364598295,-3.56052491870852,-3.56223369197118
73,"m","api.rur",88737,2790,-3.45963534291993,-3.48475437273603,-3.49806716608279,-3.47144157938928,-3.46400133318015,-3.46984001986087
74,"m","api.rur",81215,2805,-3.3656964201967,-3.40032386213956,-3.41598786410133,-3.38465986017779,-3.36878559379559,-3.37744634775055
75,"m","api.rur",89621,3328,-3.29321814456039,-3.31279335154309,-3.33297772779345,-3.29260897529273,-3.2753027832887,-3.28505267564024
76,"m","api.rur",76701,3108,-3.20593531359247,-3.19670048847602,-3.21259137766569,-3.18080959928635,-3.18384085069388,-3.19265900352993
77,"m","api.rur",69023,3091,-3.1059451192374,-3.07970762540895,-3.09202625150031,-3.06738899931759,-3.09458345901611,-3.10026533141961
78,"m","api.rur",63957,3253,-2.9786333350593,-2.96321476234188,-2.97346627994843,-2.95296324473533,-3.00763614469481,-3.0078716593093
79,"m","api.rur",64516,3457,-2.92651209411545,-2.84542189927481,-2.85603111944475,-2.83481267910487,-2.92304672488291,-2.91547798719899
80,"m","api.rur",54910,3278,-2.81846200096914,-2.71682903620774,-2.73002503434768,-2.70363303806779,-2.84082098384442,-2.82308431508867
81,"m","api.rur",49493,3343,-2.69496263799535,-2.64782077986661,-2.65998075817334,-2.63566080155987,-2.76093459906095,-2.73069064297836
82,"m","api.rur",47775,3553,-2.59871017308745,-2.57491252352547,-2.5861143918018,-2.56371065524915,-2.68334213116699,-2.63829697086805
83,"m","api.rur",47017,3744,-2.53035467982393,-2.50340426718434,-2.51374760843797,-2.49306092593072,-2.60798375205958,-2.54590329875773
84,"m","api.rur",41913,3622,-2.44856968187524,-2.43179601084321,-2.44140713141507,-2.42218489027135,-2.53479024691645,-2.45350962664742
85,"m","api.rur",37490,3620,-2.33760020491014,-2.35948775450208,-2.36852371842154,-2.35045179058262,-2.46368670764131,-2.36111595453711
86,"m","api.rur",30302,3377,-2.19422597553421,-2.28587949816095,-2.29452875964443,-2.27723023667747,-2.39459523900394,-2.26872228242679
87,"m","api.rur",25859,3024,-2.14607824451848,-2.21657124181982,-2.22504808553753,-2.20809439810211,-2.32743692258681,-2.17632861031648
88,"m","api.rur",22673,3004,-2.02123005534262,-2.14686298547869,-2.15539469747385,-2.13833127348352,-2.26213322449311,-2.08393493820617
89,"m","api.rur",19867,2728,-1.98549132380471,-2.07645472913756,-2.08526434971232,-2.06764510856279,-2.19860698736853,-1.99154126609585
90,"m","api.rur",17754,2623,-1.91229214176139,-2.00494647279642,-2.01423704838264,-1.9956558972102,-2.13678311271853,-1.89914759398554
91,"m","api.rur",14791,2252,-1.88220017741179,-1.93823821645529,-1.94818337858188,-1.9282930543287,-2.07658901331117,-1.80675392187523
92,"m","api.rur",12149,2046,-1.78136019434317,-1.86982996011416,-1.88057164432448,-1.85908827590385,-2.01795489567544,-1.71436024976491
93,"m","api.rur",9810,1754,-1.72150337962728,-1.80512170377303,-1.81677277173151,-1.79347063581455,-1.96081391779154,-1.6219665776546
94,"m","api.rur",8440,1492,-1.7328648068263,-1.7441134474319,-1.75676244203309,-1.73146445283071,-1.90510225583607,-1.52957290554428
95,"m","api.rur",8015,1374,-1.76358859226136,-1.69940519109077,-1.71312134285495,-1.68568903932659,-1.85075910538423,-1.43717923343397
96,"m","api.rur",6330,1139,-1.71514955169104,-1.64599693474964,-1.6608345440235,-1.63115932547577,-1.79772663609775,-1.34478556132366
97,"m","api.rur",5417,1042,-1.64840021334459,-1.59508867840851,-1.61109063309095,-1.57908672372606,-1.74594991412459,-1.25239188921334
98,"m","api.rur",4440,838,-1.66739155494419,-1.54708042206737,-1.56428090267993,-1.52987994145482,-1.69537680281539,-1.15999821710303
99,"m","api.rur",3540,644,-1.70418328002347,-1.50187216572624,-1.52029868433112,-1.48344564712137,-1.64595784963072,-1.06760454499272
100,"m","api.rur",2661,505,-1.66189884170233,-1.46166390938511,-1.48133883549521,-1.44198898327501,-1.5976461650534,-0.975210872882402
101,"m","api.rur",1750,409,-1.45365591087476,-1.42465565304398,-1.44559735598163,-1.40371395010633,-1.55039729776614,-0.88281720077209
102,"m","api.rur",1206,271,-1.49294555640743,-1.39114739670285,-1.41337110479508,-1.36892368861061,-1.50416910918389,-0.790423528661775
103,"m","api.rur",1011,229,-1.48497321546623,-1.36153914036172,-1.38505759175117,-1.33802068897227,-1.4589216495483,-0.698029856551463
104,"m","api.rur",728,176,-1.41981705315853,-1.33593088402059,-1.36075482377833,-1.31110694426285,-1.41461703712915,-0.60563618444115
105,"m","api.rur",541,110,-1.59293891305407,-1.31472262767946,-1.3408611909411,-1.28858406441781,-1.37121934158066,-0.513242512330835
106,"m","api.rur",267,49,-1.69542836028962,-1.29661437133832,-1.32407538130917,-1.26915336136748,-1.32869447213031,-0.420848840220522
107,"m","api.rur",232,46,-1.61809597517721,-1.28240611499719,-1.31119631685137,-1.25361591314302,-1.28701007100209,-0.328455168110209
108,"m","api.rur",197,46,-1.45456233224889,-1.27159785865606,-1.30172310474532,-1.24147261256681,-1.24613541227368,-0.236061495999895
109,"m","api.rur",121,16,-2.02320182335696,-1.26398960231493,-1.29545500007217,-1.23252420455769,-1.20604130621897,-0.143667823889582
110,"m","api.rur",59,8,-1.99809590222588,-1.2757813459738,-1.30859137698648,-1.24297131496112,-1.16670000908105,-0.0512741517792683
65,"m","bpc",34306,691,-3.9049357212021,-3.67840548188126,-3.71851630379743,-3.63829465996508,-3.45003637661427,-3.62353389153611
66,"m","bpc",47748,1420,-3.51528030961962,-3.59175845246474,-3.62260107147905,-3.56091583345044,-3.43139666331273,-3.55239449193684
67,"m","bpc",53674,1715,-3.44351563232597,-3.50341142304823,-3.52635383811496,-3.48046900798149,-3.40238053732753,-3.48125509233759
68,"m","bpc",54858,1866,-3.38095092598519,-3.40956439363171,-3.42784388539406,-3.39128490186937,-3.36387212000867,-3.41011569273833
69,"m","bpc",53099,1973,-3.29260286863837,-3.3211173642152,-3.34047255415607,-3.30176217427432,-3.31695612671281,-3.33897629313907
70,"m","bpc",52914,2033,-3.25915541948789,-3.22807033479868,-3.25352235013671,-3.20261831946065,-3.26282796014299,-3.26783689353981
71,"m","bpc",55466,2217,-3.21961528978182,-3.17709362810461,-3.19674087008824,-3.15744638612098,-3.20271070397805,-3.19669749394055
72,"m","bpc",52436,2294,-3.12929635962838,-3.11901692141054,-3.13472507081745,-3.10330877200363,-3.13778788299133,-3.12555809434129
73,"m","bpc",47478,2236,-3.05557789056226,-3.06444021471647,-3.07960598556555,-3.04927444386739,-3.06915571695127,-3.05441869474203
74,"m","bpc",44379,2245,-2.98406086338399,-3.0092635080224,-3.02758775590695,-2.99093926013786,-2.99779440124179,-2.98327929514277
75,"m","bpc",47220,2380,-2.98771704397398,-2.95098680132833,-2.97473713444289,-2.92723646821378,-2.92455537191679,-2.91213989554352
76,"m","bpc",37650,2234,-2.82453925359889,-2.86601747120359,-2.88465027442603,-2.84738466798114,-2.85016048304059,-2.84100049594426
77,"m","bpc",31482,1940,-2.78672798085739,-2.78014814107884,-2.79514401047965,-2.76515227167803,-2.77520908885549,-2.769861096345
78,"m","bpc",27787,1910,-2.67746504336768,-2.6947788109541,-2.70882026930185,-2.68073735260635,-2.70018967562554,-2.69872169674574
79,"m","bpc",29267,2071,-2.64842901901629,-2.60810948082936,-2.62435881054669,-2.59186015111203,-2.62549353534452,-2.62758229714648
80,"m","bpc",25923,2103,-2.51176570880681,-2.51064015070461,-2.53126805874879,-2.49001224266043,-2.55142877930545,-2.55644289754722
81,"m","bpc",20592,1698,-2.49545156296462,-2.45823776524978,-2.47686940916986,-2.4396061213297,-2.47823364640934,-2.48530349794796
82,"m","bpc",17596,1577,-2.41214729550557,-2.40193537979494,-2.41898795139223,-2.38488280819765,-2.40608854446832,-2.4141640983487
83,"m","bpc",15309,1487,-2.33168022327193,-2.3470329943401,-2.36304757266822,-2.33101841601199,-2.33512659048995,-2.34302469874945
84,"m","bpc",12786,1318,-2.27223538626422,-2.29203060888527,-2.30765647583737,-2.27640474193317,-2.26544262142358,-2.27188529915019
85,"m","bpc",10622,1083,-2.28319235398135,-2.23632822343043,-2.25226224975815,-2.22039419710271,-2.19710076441709,-2.20074589955092
86,"m","bpc",7311,877,-2.12062834992113,-2.1793258379756,-2.19622681871787,-2.16242485723332,-2.13014071415278,-2.12960649995167
87,"m","bpc",5908,746,-2.06933704344751,-2.12662345252076,-2.14504674167117,-2.10820016337035,-2.06458288612513,-2.05846710035241
88,"m","bpc",4516,620,-1.98566244723042,-2.07352106706592,-2.09389792880219,-2.05314420532965,-2.00043261411435,-1.98732770075315
89,"m","bpc",3223,455,-1.95777046286449,-2.01971868161109,-2.04236906534623,-1.99706829787595,-1.93768354776666,-1.91618830115389
90,"m","bpc",2356,328,-1.97170693638733,-1.96481629615625,-1.98997355654982,-1.93965903576268,-1.87632038852276,-1.84504890155463
91,"m","bpc",1699,240,-1.95715619832994,-1.91471391070141,-1.94254842337365,-1.88687939802918,-1.81632108296291,-1.77390950195538
92,"m","bpc",1364,215,-1.84753881027574,-1.86291152524658,-1.89354903361333,-1.83227401687983,-1.75765857408936,-1.70277010235611
93,"m","bpc",993,175,-1.73594469012166,-1.81480913979174,-1.8483438713424,-1.78127440824108,-1.70030219421031,-1.63163070275685
94,"m","bpc",808,142,-1.73873500091983,-1.77040675433691,-1.80691050756116,-1.73390300111265,-1.64421876834597,-1.56049130315759
95,"m","bpc",788,122,-1.86547704512462,-1.74230436888207,-1.78183276698737,-1.70277597077677,-1.58937348450829,-1.48935190355834
96,"m","bpc",494,93,-1.66993602403467,-1.70550198342723,-1.74809880246475,-1.66290516438972,-1.53573057667584,-1.41821250395908
97,"m","bpc",458,83,-1.70802857631759,-1.6711995979724,-1.71689979715675,-1.62549939878805,-1.48325385757402,-1.34707310435982
98,"m","bpc",320,59,-1.69078355188805,-1.63979721251756,-1.68862908629785,-1.59096533873727,-1.43190713122809,-1.27593370476056
99,"m","bpc",296,55,-1.68302626909159,-1.61119482706272,-1.66318155677647,-1.55920809734898,-1.38165450943771,-1.2047943051613
100,"m","bpc",217,56,-1.35454566280531,-1.58759244160789,-1.64275323124868,-1.53243165196709,-1.33246065160375,-1.13365490556204
101,"m","bpc",161,34,-1.5550438403683,-1.56719005615305,-1.62554097593409,-1.50883913637202,-1.28429094352538,-1.06251550596279
102,"m","bpc",176,32,-1.70474809223843,-1.55028767069822,-1.61184229231853,-1.4887330490779,-1.23711162771138,-0.991376106363525
103,"m","bpc",137,14,-2.28092359621287,-1.53728528524338,-1.60205516654926,-1.4725154039375,-1.19088989527469,-0.920236706764266
104,"m","bpc",94,11,-2.14539950947163,-1.52828289978854,-1.59627795904998,-1.46028784052711,-1.14559394748933,-0.849097307165008
105,"m","bpc",80,15,-1.67397643357167,-1.52368051433371,-1.59490932256173,-1.45245170610568,-1.1011930334889,-0.77795790756575
106,"m","bpc",43,7,-1.81528996663825,-1.52217812887887,-1.59664814054286,-1.44770811721488,-1.05765746930045,-0.70681850796649
107,"m","bpc",45,5,-2.19722457733622,-1.52457574342404,-1.60229348033727,-1.4468580065108,-1.0149586423744,-0.635679108367231
108,"m","bpc",59,9,-1.8803128665695,-1.5303733579692,-1.61134455718611,-1.44940215875229,-0.973069004940978,-0.564539708767972
109,"m","bpc",68,13,-1.65455834771457,-1.53937097251436,-1.62360070629268,-1.45514123873605,-0.931962058856306,-0.493400309168714
110,"m","bpc",40,7,-1.74296930505862,-1.56776858705953,-1.65526136093336,-1.48027581318569,-0.891612334064164,-0.422260909569455
