idade,sexo,grupo,pop,obito,logmx,topals,topals.inf,topals.sup,vand.hat,gomp.hat
65,f,atc,53209,373,-4.960404414,-4.913020173,-4.982985625,-4.843054721,-4.819957563,-4.913168064
66,f,atc,47421,390,-4.800673708,-4.802578042,-4.856238986,-4.748917098,-4.77549975,-4.801299553
67,f,atc,42732,404,-4.661288455,-4.691235911,-4.732709528,-4.649762294,-4.70553217,-4.689431043
68,f,atc,38079,411,-4.528825014,-4.57119378,-4.608834932,-4.533552627,-4.615137385,-4.577562532
69,f,atc,32680,396,-4.413104338,-4.456351649,-4.500735016,-4.411968282,-4.509765534,-4.465694022
70,f,atc,29356,373,-4.365673814,-4.331209518,-4.389339903,-4.273079133,-4.394443576,-4.353825511
71,f,atc,27431,398,-4.232977034,-4.234882317,-4.27995901,-4.189805624,-4.273355278,-4.241957
72,f,atc,24118,352,-4.227082553,-4.128555117,-4.165218089,-4.091892145,-4.149731957,-4.13008849
73,f,atc,20749,383,-3.992218343,-4.027127917,-4.063403769,-3.990852064,-4.025929453,-4.018219979
74,f,atc,19134,381,-3.916422761,-3.926000716,-3.970127808,-3.881873624,-3.90358336,-3.906351469
75,f,atc,18483,404,-3.823191792,-3.818473516,-3.875376606,-3.761570426,-3.783775878,-3.794482958
76,f,atc,16488,386,-3.754550753,-3.701461844,-3.745561609,-3.65736208,-3.667182868,-3.682614447
77,f,atc,14106,413,-3.530907925,-3.584850173,-3.620933394,-3.548766952,-3.554191311,-3.570745937
78,f,atc,12135,394,-3.427498209,-3.466838502,-3.503026766,-3.430650237,-3.444987961,-3.458877426
79,f,atc,11343,415,-3.308077572,-3.34732683,-3.391684064,-3.302969597,-3.339623928,-3.347008916
80,f,atc,9838,381,-3.251208342,-3.217315159,-3.274550811,-3.160079507,-3.23806067,-3.235140405
81,f,atc,8145,369,-3.094362877,-3.110896002,-3.155638287,-3.066153716,-3.140202214,-3.123271894
82,f,atc,7377,359,-3.022799942,-2.997776845,-3.033905327,-2.961648362,-3.04591745,-3.011403384
83,f,atc,6378,339,-2.93460974,-2.888157688,-2.922597567,-2.853717808,-2.955055398,-2.899534873
84,f,atc,6000,342,-2.864704011,-2.77983853,-2.820389563,-2.739287498,-2.867455531,-2.787666362
85,f,atc,5598,401,-2.636203243,-2.670119373,-2.721889152,-2.618349594,-2.782954668,-2.675797852
86,f,atc,4728,378,-2.526363363,-2.546917204,-2.591134004,-2.502700404,-2.701391475,-2.563929341
87,f,atc,3929,324,-2.495396704,-2.426415035,-2.464758528,-2.388071541,-2.62260933,-2.452060831
88,f,atc,3251,353,-2.220249863,-2.309512865,-2.34451864,-2.27450709,-2.546458059,-2.34019232
89,f,atc,2642,312,-2.136288297,-2.189410696,-2.224348752,-2.154472639,-2.472794902,-2.228323809
90,f,atc,2030,246,-2.110459536,-2.071708527,-2.109866278,-2.033550775,-2.401484958,-2.116455299
91,f,atc,1554,230,-1.910508222,-1.959406357,-2.003354542,-1.915458172,-2.332401296,-2.004586788
92,f,atc,1152,200,-1.750937475,-1.846804188,-1.898252751,-1.795355625,-2.265424821,-1.892718278
93,f,atc,843,151,-1.719687121,-1.738502019,-1.798523257,-1.67848078,-2.200444022,-1.780849767
94,f,atc,593,95,-1.831317507,-1.633699849,-1.702969079,-1.56443062,-2.137354607,-1.668981256
95,f,atc,445,89,-1.609437912,-1.53039768,-1.609353275,-1.451442085,-2.076059117,-1.557112746
96,f,atc,316,72,-1.479076095,-1.438418965,-1.509328165,-1.367509765,-2.016466502,-1.445244235
97,f,atc,214,57,-1.322924747,-1.34924025,-1.427327995,-1.271152504,-1.958491703,-1.333375725
98,f,atc,139,39,-1.270912287,-1.262861535,-1.360035245,-1.165687824,-1.90205524,-1.221507214
99,f,atc,95,29,-1.186581062,-1.179482819,-1.302215116,-1.056750523,-1.847082814,-1.109638703
100,f,atc,57,18,-1.15267951,-1.100704104,-1.252226894,-0.949181314,-1.793504938,-0.997770193
101,f,atc,33,13,-0.931558204,-1.025825389,-1.207843377,-0.843807402,-1.741256576,-0.885901682
102,f,atc,29,10,-1.064710737,-0.955046674,-1.168535298,-0.74155805,-1.69027682,-0.774033171
103,f,atc,14,4,-1.252762968,-0.888767959,-1.134327911,-0.643208008,-1.640508581,-0.662164661
104,f,atc,10,6,-0.510825624,-0.826789244,-1.104813415,-0.548765073,-1.591898306,-0.55029615
105,f,atc,1,2,0.693147181,-0.769710529,-1.080468702,-0.458952356,-1.544395717,-0.43842764
106,f,atc,1,1,0,-0.717931814,-1.061616695,-0.374246933,-1.497953566,-0.326559129
107,f,atc,1,0,NA,-0.670553099,-1.047306872,-0.293799326,-1.45252742,-0.214690618
108,f,atc,3,0,NA,-0.627974384,-1.037904824,-0.218043943,-1.408075449,-0.102822108
109,f,atc,0,1,NA,-0.590995669,-1.034186349,-0.147804988,-1.364558243,0.009046403
110,f,atc,0,0,NA,-0.569216954,-1.045733947,-0.09269996,-1.321938638,0.120914913
65,f,total,564792,5823,-4.574641929,-4.56492972,-4.58255353,-4.54730591,-4.5245621,-4.570181492
66,f,total,543922,6228,-4.4697506,-4.488602236,-4.502151034,-4.475053438,-4.467594981,-4.4886119
67,f,total,549063,6682,-4.408795845,-4.411374752,-4.421709247,-4.401040256,-4.402133836,-4.40704336
68,f,total,518011,6673,-4.351926944,-4.325447268,-4.334407976,-4.316486559,-4.329940575,-4.325474671
69,f,total,478028,6981,-4.226477135,-4.244719784,-4.254920148,-4.23451942,-4.252658697,-4.243906387
70,f,total,461279,7270,-4.150246774,-4.1536923,-4.167036257,-4.140348343,-4.171748854,-4.162337363
71,f,total,476572,7939,-4.094831491,-4.080922415,-4.091263425,-4.070581404,-4.08846011,-4.080768338
72,f,total,439791,8098,-3.994682496,-3.998152529,-4.006370601,-3.989934457,-4.003828035,-3.999199851
73,f,total,406959,8085,-3.91870195,-3.920282644,-3.928019685,-3.912545602,-3.918686658,-3.917631202
74,f,total,388229,8414,-3.831698387,-3.842712758,-3.851873096,-3.83355242,-3.833695306,-3.836062465
75,f,total,421882,9809,-3.761425322,-3.758742873,-3.770561784,-3.746923961,-3.749360936,-3.754493754
76,f,total,376143,9459,-3.683002721,-3.677294643,-3.686446991,-3.668142295,-3.666065679,-3.672925006
77,f,total,346609,9411,-3.606318126,-3.596246413,-3.603601071,-3.588891754,-3.584091422,-3.591356089
78,f,total,327472,9966,-3.492223255,-3.513798183,-3.520915995,-3.506680371,-3.503638164,-3.50978744
79,f,total,336878,10769,-3.443049211,-3.429849953,-3.43842213,-3.421277776,-3.424841514,-3.428218794
80,f,total,294333,10554,-3.328206844,-3.335401723,-3.346471859,-3.324331587,-3.347788472,-3.346650107
81,f,total,257272,9884,-3.259216603,-3.251968609,-3.260607604,-3.243329615,-3.272527688,-3.265081295
82,f,total,238656,10311,-3.141811898,-3.161835496,-3.16873736,-3.154933631,-3.199077854,-3.183512542
83,f,total,235570,10681,-3.093541647,-3.075202382,-3.081648966,-3.068755798,-3.127436765,-3.101943818
84,f,total,215429,10705,-3.001920467,-2.989869268,-2.997379284,-2.982359252,-3.057585124,-3.020375027
85,f,total,198771,11066,-2.888276064,-2.903136154,-2.912736229,-2.89353608,-2.989491985,-2.938806342
86,f,total,167818,9958,-2.824503811,-2.809202002,-2.817478474,-2.800925529,-2.923117888,-2.857237569
87,f,total,146938,9735,-2.71428309,-2.717967849,-2.725155702,-2.710779996,-2.858417497,-2.775668821
88,f,total,129687,9287,-2.636508282,-2.630333696,-2.63678793,-2.623879463,-2.795341617,-2.694100108
89,f,total,108554,8642,-2.530613708,-2.539499544,-2.545702421,-2.533296667,-2.733838889,-2.612531316
90,f,total,92296,7986,-2.447310795,-2.451065391,-2.457555453,-2.44457533,-2.673856332,-2.530962693
91,f,total,74120,7040,-2.354077231,-2.368031239,-2.375283326,-2.360779151,-2.615341311,-2.449393841
92,f,total,60193,6224,-2.26914328,-2.284697086,-2.293057188,-2.276336984,-2.558240989,-2.367825194
93,f,total,46048,5175,-2.185844992,-2.205662933,-2.215359144,-2.195966723,-2.502503938,-2.286256434
94,f,total,38313,4480,-2.146166218,-2.130128781,-2.141307705,-2.118949856,-2.44807953,-2.204687717
95,f,total,32121,4078,-2.06390335,-2.056094628,-2.068851856,-2.0433374,-2.394918717,-2.123118942
96,f,total,24294,3226,-2.018986427,-2.002347361,-2.013569358,-1.991125363,-2.34297416,-2.04155025
97,f,total,19443,2691,-1.977574236,-1.951400093,-1.962125002,-1.940675185,-2.292199906,-1.959981477
98,f,total,15130,2204,-1.926405637,-1.903252826,-1.914655377,-1.891850275,-2.242552081,-1.878412729
99,f,total,12035,1778,-1.912329934,-1.858105559,-1.871179072,-1.845032046,-2.193988569,-1.796844034
100,f,total,8813,1468,-1.792326974,-1.817558291,-1.832976443,-1.80214014,-2.146468832,-1.715275264
101,f,total,5774,1006,-1.74738301,-1.780911024,-1.799088651,-1.762733397,-2.099954175,-1.633706527
102,f,total,4203,782,-1.681699094,-1.748363757,-1.769554248,-1.727173266,-2.054407602,-1.552137775
103,f,total,3280,618,-1.669110244,-1.720316489,-1.744679407,-1.695953571,-2.00979377,-1.470569064
104,f,total,2492,508,-1.590359432,-1.696569222,-1.724209242,-1.668929202,-1.966078928,-1.389000339
105,f,total,1830,325,-1.728246064,-1.677721955,-1.708710561,-1.646733348,-1.923230859,-1.307431574
106,f,total,1033,181,-1.741725438,-1.664174687,-1.698562488,-1.629786887,-1.881218815,-1.225862853
107,f,total,893,186,-1.568839907,-1.65502742,-1.69285138,-1.61720346,-1.840013513,-1.144294104
108,f,total,1000,180,-1.714798428,-1.650680152,-1.69196801,-1.609392295,-1.799586884,-1.062725386
109,f,total,980,174,-1.728497272,-1.651932885,-1.696705941,-1.60715983,-1.759912142,-0.98115664
110,f,total,517,83,-1.829202267,-1.668385618,-1.716660558,-1.620110677,-1.720963896,-0.899587904
65,f,api.urb,123150,961,-4.853183995,-4.855330637,-4.899080339,-4.811580935,-4.783497962,-4.874780236
66,f,api.urb,115857,983,-4.769502831,-4.760102069,-4.793731753,-4.726472385,-4.741752258,-4.767145912
67,f,api.urb,113410,1069,-4.664285939,-4.6639735,-4.689669602,-4.638277399,-4.675834756,-4.659511587
68,f,api.urb,104818,1082,-4.573414332,-4.559144932,-4.581551147,-4.536738718,-4.59029426,-4.551877263
69,f,api.urb,93985,1146,-4.406857577,-4.459516364,-4.485132805,-4.433899923,-4.490081498,-4.444242939
70,f,api.urb,87811,1091,-4.388092071,-4.349587796,-4.383095712,-4.316079879,-4.379843554,-4.336608614
71,f,api.urb,87477,1283,-4.222174816,-4.24191154,-4.267908383,-4.215914697,-4.263522933,-4.22897429
72,f,api.urb,79821,1281,-4.132145605,-4.124235285,-4.144824411,-4.103646159,-4.144226948,-4.121339966
73,f,api.urb,71412,1276,-4.024735738,-4.011459029,-4.030616514,-3.992301545,-4.024269971,-4.013705642
74,f,api.urb,66597,1349,-3.899295954,-3.898982774,-3.921457809,-3.876507739,-3.905296592,-3.906071317
75,f,api.urb,69848,1646,-3.74797335,-3.780106519,-3.809059344,-3.751153693,-3.78842471,-3.798436993
76,f,api.urb,63697,1536,-3.724955831,-3.678295596,-3.700761927,-3.655829264,-3.674377199,-3.690802669
77,f,api.urb,59162,1682,-3.560295882,-3.576884673,-3.594654357,-3.559114989,-3.563590352,-3.583168344
78,f,api.urb,56588,1774,-3.462560065,-3.47407375,-3.490546242,-3.457601259,-3.456297782,-3.47553402
79,f,api.urb,58389,1967,-3.390617977,-3.369762828,-3.389036642,-3.350489013,-3.352592853,-3.367899696
80,f,api.urb,53446,2061,-3.255480496,-3.254951905,-3.279774728,-3.230129082,-3.252473974,-3.260265372
81,f,api.urb,49301,2093,-3.159345921,-3.1419246,-3.161254103,-3.122595097,-3.155876908,-3.152631047
82,f,api.urb,46278,2388,-2.964210491,-3.022197295,-3.037391313,-3.007003276,-3.06269751,-3.044996723
83,f,api.urb,45240,2418,-2.929040899,-2.905969989,-2.919676124,-2.892263855,-2.972807573,-2.937362399
84,f,api.urb,42062,2565,-2.797186242,-2.791042684,-2.806683318,-2.77540205,-2.886065745,-2.829728075
85,f,api.urb,37732,2617,-2.668479917,-2.674715379,-2.694744661,-2.654686097,-2.802324978,-2.72209375
86,f,api.urb,31734,2477,-2.550340511,-2.552763721,-2.569848556,-2.535678885,-2.721437522,-2.614459426
87,f,api.urb,26769,2353,-2.431553392,-2.433512062,-2.448270453,-2.418753672,-2.643258207,-2.506825102
88,f,api.urb,23148,2201,-2.352996581,-2.317860404,-2.331236785,-2.304484024,-2.56764654,-2.399190777
89,f,api.urb,18010,2020,-2.187829648,-2.199008746,-2.212246722,-2.18577077,-2.49446796,-2.291556453
90,f,api.urb,14977,1897,-2.066242,-2.082557088,-2.09693622,-2.068177955,-2.423594541,-2.183922129
91,f,api.urb,11418,1561,-1.989864416,-1.97150543,-1.988042476,-1.954968383,-2.354905294,-2.076287805
92,f,api.urb,8812,1413,-1.830399325,-1.860153771,-1.879528686,-1.840778856,-2.288286212,-1.96865348
93,f,api.urb,6491,1121,-1.756195458,-1.753102113,-1.775740571,-1.730463656,-2.223630147,-1.861019156
94,f,api.urb,4682,906,-1.642441342,-1.649550455,-1.675719352,-1.623381558,-2.160836569,-1.753384832
95,f,api.urb,3370,702,-1.568734619,-1.547498797,-1.577370549,-1.517627044,-2.099811265,-1.645750507
96,f,api.urb,2324,521,-1.495295076,-1.478929534,-1.506021402,-1.451837665,-2.040466003,-1.538116183
97,f,api.urb,1554,384,-1.397944978,-1.413160271,-1.44652146,-1.379799081,-1.982718172,-1.430481859
98,f,api.urb,982,251,-1.364138369,-1.350191008,-1.395238987,-1.305143028,-1.926490428,-1.322847535
99,f,api.urb,563,156,-1.283423621,-1.290221745,-1.349238893,-1.231204596,-1.871710343,-1.21521321
100,f,api.urb,364,109,-1.205805985,-1.234852482,-1.308839501,-1.160865462,-1.818310068,-1.107578886
101,f,api.urb,209,66,-1.15267951,-1.183383218,-1.272839835,-1.093926602,-1.766226014,-0.999944562
102,f,api.urb,118,43,-1.009484509,-1.136013955,-1.241219683,-1.030808228,-1.715398545,-0.892310237
103,f,api.urb,46,17,-0.995428052,-1.093144692,-1.214270066,-0.972019319,-1.665771701,-0.784675913
104,f,api.urb,33,10,-1.193922468,-1.054575429,-1.191731613,-0.917419246,-1.617292928,-0.677041589
105,f,api.urb,18,3,-1.791759469,-1.020906166,-1.174169447,-0.867642885,-1.569912838,-0.569407265
106,f,api.urb,11,1,-2.397895273,-0.992536903,-1.161961812,-0.823111994,-1.523584978,-0.46177294
107,f,api.urb,4,1,-1.386294361,-0.96856764,-1.154194465,-0.782940815,-1.478265621,-0.354138616
108,f,api.urb,1,0,NA,-0.949398377,-1.151257705,-0.747539049,-1.433913575,-0.246504292
109,f,api.urb,2,2,0,-0.935829114,-1.153944704,-0.717713524,-1.390489998,-0.138869968
110,f,api.urb,1,0,NA,-0.937459851,-1.171850517,-0.703069185,-1.347958239,-0.031235643
65,m,atc,159147,2163,-4.298332156,-4.291304579,-4.320779356,-4.261829802,-4.170302509,-4.273767203
66,m,atc,145258,2170,-4.203784304,-4.190692461,-4.213284815,-4.168100107,-4.119714943,-4.17551236
67,m,atc,135838,2295,-4.080730156,-4.088380343,-4.105751677,-4.071009009,-4.053296767,-4.077257518
68,m,atc,124530,2402,-3.948244927,-3.980568225,-3.99615055,-3.9649859,-3.974151402,-3.979002676
69,m,atc,109704,2254,-3.885079414,-3.878156107,-3.896419495,-3.859892719,-3.885391608,-3.880747834
70,m,atc,98756,2257,-3.778615664,-3.771143989,-3.795102091,-3.747185887,-3.789865127,-3.782492992
71,m,atc,93089,2357,-3.676166401,-3.67886108,-3.697420114,-3.660302047,-3.6900064,-3.684238149
72,m,atc,83205,2289,-3.593192401,-3.579478172,-3.59450662,-3.564449724,-3.587791037,-3.585983307
73,m,atc,74374,2303,-3.474893798,-3.483595264,-3.498368218,-3.468822309,-3.484757025,-3.487728465
74,m,atc,67897,2237,-3.412856168,-3.387112355,-3.405045441,-3.36917927,-3.38206027,-3.389473623
75,m,atc,65922,2438,-3.297294194,-3.287529447,-3.3106794,-3.264379494,-3.280541696,-3.29121878
76,m,atc,59826,2492,-3.178354748,-3.19295396,-3.210871868,-3.175036052,-3.180792654,-3.192963938
77,m,atc,53131,2458,-3.073412551,-3.097478473,-3.112106819,-3.082850128,-3.083212319,-3.094709096
78,m,atc,47716,2387,-2.995229424,-3.002502987,-3.017156706,-2.987849267,-2.98805508,-2.996454254
79,m,atc,45099,2462,-2.907886046,-2.9062275,-2.924207502,-2.888247497,-2.895468152,-2.898199412
80,m,atc,39886,2419,-2.802671154,-2.799152013,-2.822382068,-2.775921958,-2.80552067,-2.799944569
81,m,atc,33745,2241,-2.711910063,-2.703432757,-2.721524078,-2.685341436,-2.718225779,-2.701689727
82,m,atc,29150,2126,-2.618212633,-2.603813501,-2.618655136,-2.588971866,-2.633557198,-2.603434885
83,m,atc,26690,2183,-2.503588886,-2.505594245,-2.520378363,-2.490810127,-2.551461501,-2.505180043
84,m,atc,23471,2128,-2.400583045,-2.407274989,-2.425224472,-2.389325506,-2.47186717,-2.4069252
85,m,atc,20155,1968,-2.326434598,-2.308255733,-2.331301676,-2.28520979,-2.394691195,-2.308670358
86,m,atc,16533,1847,-2.191795682,-2.206044447,-2.225641453,-2.186447441,-2.319843869,-2.210415516
87,m,atc,13502,1709,-2.066929418,-2.108133161,-2.125221304,-2.091045018,-2.24723223,-2.112160674
88,m,atc,11085,1485,-2.010178071,-2.009821875,-2.025790639,-1.993853111,-2.176762503,-2.013905832
89,m,atc,8832,1237,-1.965692396,-1.910810589,-1.927334302,-1.894286876,-2.108341819,-1.915650989
90,m,atc,6988,1167,-1.789758039,-1.810699303,-1.829303054,-1.792095552,-2.041879381,-1.817396147
91,m,atc,5301,933,-1.73724556,-1.715388017,-1.737164171,-1.693611863,-1.977287254,-1.719141305
92,m,atc,3982,769,-1.644448515,-1.618376731,-1.644015316,-1.592738147,-1.91448085,-1.620886463
93,m,atc,2954,663,-1.494140473,-1.525065445,-1.554990485,-1.495140405,-1.85337922,-1.522631621
94,m,atc,2074,493,-1.436725215,-1.435454159,-1.469931888,-1.40097643,-1.793905191,-1.424376778
95,m,atc,1310,345,-1.334237999,-1.362142873,-1.401346884,-1.322938862,-1.735985394,-1.326121936
96,m,atc,979,269,-1.291820263,-1.293614086,-1.329196115,-1.258032057,-1.679550225,-1.227867094
97,m,atc,675,188,-1.278270728,-1.227585299,-1.269332653,-1.185837945,-1.624533749,-1.129612252
98,m,atc,429,145,-1.084723177,-1.164456511,-1.218928861,-1.109984162,-1.570873572,-1.031357409
99,m,atc,288,102,-1.037987667,-1.104127724,-1.17440764,-1.033847808,-1.518510695,-0.933102567
100,m,atc,202,56,-1.282916007,-1.048798937,-1.136314255,-0.961283619,-1.467389351,-0.834847725
101,m,atc,123,51,-0.880358723,-0.99667015,-1.102151094,-0.891189206,-1.417456841,-0.736592883
102,m,atc,63,27,-0.84729786,-0.948041363,-1.07190081,-0.824181915,-1.368663363,-0.638338041
103,m,atc,45,21,-0.762140052,-0.903312575,-1.045803735,-0.760821416,-1.320961851,-0.540083198
104,m,atc,22,10,-0.78845736,-0.862583788,-1.023872141,-0.701295436,-1.274307814,-0.441828356
105,m,atc,15,6,-0.916290732,-0.826255001,-1.00645425,-0.646055752,-1.22865918,-0.343573514
106,m,atc,6,1,-1.791759469,-0.793026214,-0.99221768,-0.593834747,-1.18397615,-0.245318672
107,m,atc,5,3,-0.510825624,-0.763697426,-0.981941203,-0.54545365,-1.140221061,-0.14706383
108,m,atc,2,0,NA,-0.737768639,-0.975110347,-0.500426931,-1.097358248,-0.048808987
109,m,atc,2,0,NA,-0.715039852,-0.971514921,-0.458564783,-1.055353926,0.049445855
110,m,atc,1,0,NA,-0.711711065,-0.987347546,-0.436074583,-1.01417607,0.147700697
65,m,total,518237,9926,-3.955275089,-3.928820996,-3.942245309,-3.915396682,-3.873877871,-3.936052413
66,m,total,505744,10854,-3.841496937,-3.854203923,-3.864498086,-3.84390976,-3.823904533,-3.857345918
67,m,total,501968,11674,-3.761172226,-3.777886851,-3.785763045,-3.770010657,-3.765148159,-3.778639186
68,m,total,466863,11652,-3.690558014,-3.696069778,-3.703027227,-3.689112329,-3.699207404,-3.699932717
69,m,total,425542,11475,-3.613192895,-3.619652705,-3.62772022,-3.611585191,-3.6276267,-3.621226413
70,m,total,399353,11638,-3.535570131,-3.538635633,-3.549221969,-3.528049296,-3.551820989,-3.542519846
71,m,total,396562,12119,-3.488057928,-3.466574925,-3.47476911,-3.45838074,-3.473036729,-3.463813272
72,m,total,365404,12188,-3.40055173,-3.387414217,-3.394014247,-3.380814188,-3.39233378,-3.385106635
73,m,total,332402,12133,-3.310416067,-3.311753509,-3.318181392,-3.305325627,-3.310589878,-3.306400243
74,m,total,305915,12349,-3.209732197,-3.235492801,-3.243265607,-3.227719995,-3.228514629,-3.227693587
75,m,total,319389,13262,-3.181506993,-3.156132094,-3.166174848,-3.146089339,-3.146669588,-3.148987188
76,m,total,278448,12885,-3.073167483,-3.076375926,-3.084153604,-3.068598248,-3.065490366,-3.07028062
77,m,total,246699,12369,-2.992975628,-2.995719759,-3.002102865,-2.989336652,-2.985307006,-2.991573931
78,m,total,223354,12518,-2.881590348,-2.915563591,-2.922014348,-2.909112835,-2.906364808,-2.912867398
79,m,total,219125,12760,-2.843327065,-2.834107424,-2.84205078,-2.826164068,-2.828839633,-2.834161023
80,m,total,189187,12103,-2.749282588,-2.741851256,-2.752107863,-2.73159465,-2.752852921,-2.755454436
81,m,total,162563,11297,-2.666528415,-2.660418075,-2.668412396,-2.652423754,-2.678483195,-2.67674792
82,m,total,148088,11423,-2.562177825,-2.575084893,-2.581587804,-2.568581982,-2.605775737,-2.598041306
83,m,total,140269,11424,-2.507845602,-2.491151712,-2.497502619,-2.484800804,-2.534749712,-2.519334754
84,m,total,125232,11063,-2.42656181,-2.40711853,-2.414737433,-2.399499626,-2.465405244,-2.440628248
85,m,total,112132,10756,-2.34421301,-2.322385348,-2.332154117,-2.312616579,-2.397727327,-2.361921701
86,m,total,92756,9907,-2.236730811,-2.247640468,-2.256020193,-2.239260743,-2.331690166,-2.283215206
87,m,total,79234,9114,-2.162593807,-2.177195588,-2.184501936,-2.169889239,-2.267260035,-2.204508652
88,m,total,68017,8619,-2.065788605,-2.106350707,-2.113052771,-2.099648644,-2.204397602,-2.12580218
89,m,total,56415,7323,-2.041715001,-2.034805827,-2.041500943,-2.028110711,-2.143059825,-2.047095637
90,m,total,47159,6708,-1.950224027,-1.962160947,-1.96944816,-1.954873733,-2.08320108,-1.968389088
91,m,total,37819,5647,-1.901687191,-1.894316066,-1.902667975,-1.885964158,-2.024774433,-1.889682578
92,m,total,29847,4896,-1.807665787,-1.824771186,-1.834506548,-1.815035825,-1.967732668,-1.810976051
93,m,total,23120,4118,-1.725330435,-1.758926306,-1.77024762,-1.747604992,-1.9120285,-1.732269496
94,m,total,18149,3277,-1.711687093,-1.696781426,-1.709817491,-1.68374536,-1.857615081,-1.65356296
95,m,total,15226,2764,-1.706325587,-1.650936545,-1.665771567,-1.636101524,-1.804446673,-1.574856405
96,m,total,11493,2187,-1.659207413,-1.627720491,-1.640739673,-1.614701309,-1.752478662,-1.496149898
97,m,total,9251,1839,-1.615509708,-1.607004436,-1.620130918,-1.593877955,-1.701667627,-1.417443373
98,m,total,6895,1397,-1.596469431,-1.589188382,-1.604304403,-1.574072361,-1.651971632,-1.338736842
99,m,total,5406,1060,-1.62924054,-1.574172328,-1.592558949,-1.555785706,-1.60335023,-1.260030307
100,m,total,3951,803,-1.593369276,-1.564156273,-1.586539878,-1.541772668,-1.5557645,-1.181323774
101,m,total,2560,598,-1.454171784,-1.557340219,-1.584123942,-1.530556495,-1.509177053,-1.102617238
102,m,total,1784,390,-1.520466574,-1.554024164,-1.585442218,-1.52260611,-1.463552064,-1.023910687
103,m,total,1442,310,-1.53721402,-1.55460811,-1.590804858,-1.518411362,-1.418855116,-0.94520415
104,m,total,1013,227,-1.495721487,-1.559192055,-1.600261499,-1.518122612,-1.37505326,-0.866497618
105,m,total,746,158,-1.552130567,-1.568176001,-1.614182283,-1.522169719,-1.332115087,-0.787791102
106,m,total,377,68,-1.712737482,-1.580259946,-1.631248582,-1.529271311,-1.290010474,-0.709084569
107,m,total,336,68,-1.597603455,-1.596243892,-1.652248249,-1.540239535,-1.248710546,-0.630378036
108,m,total,289,62,-1.539292303,-1.615627838,-1.676673061,-1.554582614,-1.208187808,-0.55167149
109,m,total,204,32,-1.852384091,-1.638211783,-1.704317265,-1.572106301,-1.168415974,-0.47296497
110,m,total,112,20,-1.722766598,-1.680195729,-1.751376726,-1.609014731,-1.12936985,-0.394258438
65,m,api.urb,90943,1092,-4.422222059,-4.263777982,-4.299978945,-4.227577019,-4.317331847,-4.141209908
66,m,api.urb,97334,1657,-4.073139624,-4.145117184,-4.172896152,-4.117338217,-4.166017577,-4.048512545
67,m,api.urb,96437,1832,-3.963481679,-4.024756386,-4.04577793,-4.003734843,-4.02651046,-3.955815183
68,m,api.urb,87025,1825,-3.864615447,-3.898895588,-3.91681799,-3.880973186,-3.896984459,-3.863117821
69,m,api.urb,77805,1804,-3.764199275,-3.77843479,-3.798673186,-3.758196395,-3.776021851,-3.770420458
70,m,api.urb,72380,1898,-3.641129318,-3.653373992,-3.679964324,-3.62678366,-3.662497583,-3.677723096
71,m,api.urb,71179,1876,-3.636055981,-3.565744779,-3.586324031,-3.545165527,-3.555502288,-3.585025734
72,m,api.urb,63795,1900,-3.513820931,-3.471015566,-3.487527173,-3.454503959,-3.454289342,-3.492328371
73,m,api.urb,57595,1945,-3.388173781,-3.379786353,-3.395737165,-3.363835542,-3.358237413,-3.399631009
74,m,api.urb,52548,2057,-3.240478427,-3.28795714,-3.307163683,-3.268750597,-3.266823336,-3.306933647
75,m,api.urb,54253,2112,-3.246022925,-3.193027927,-3.217847715,-3.16820814,-3.179602046,-3.214236285
76,m,api.urb,48409,2210,-3.086693231,-3.108793863,-3.127974507,-3.089613219,-3.096191452,-3.121538922
77,m,api.urb,42558,2098,-3.009883341,-3.023659799,-3.039519421,-3.007800176,-3.016260858,-3.02884156
78,m,api.urb,37286,2128,-2.86343535,-2.939025735,-2.95536322,-2.922688249,-2.939521959,-2.936144198
79,m,api.urb,34221,1930,-2.875319488,-2.85309167,-2.873440001,-2.83274334,-2.865721757,-2.843446835
80,m,api.urb,28267,1749,-2.78265085,-2.756357606,-2.782681568,-2.730033644,-2.794636914,-2.750749473
81,m,api.urb,23921,1607,-2.700387647,-2.666472541,-2.687057675,-2.645887406,-2.726069208,-2.658052111
82,m,api.urb,21521,1698,-2.539578115,-2.572687475,-2.589287129,-2.556087821,-2.659841833,-2.565354748
83,m,api.urb,21178,1716,-2.512966906,-2.480302409,-2.496061635,-2.464543184,-2.595796375,-2.472657386
84,m,api.urb,19355,1783,-2.384653445,-2.387817344,-2.40631496,-2.369319728,-2.533790299,-2.379960024
85,m,api.urb,18143,1837,-2.290151005,-2.294632278,-2.318232582,-2.271031974,-2.473694866,-2.287262661
86,m,api.urb,16224,1798,-2.199816691,-2.19883003,-2.21888682,-2.17877324,-2.415393378,-2.194565299
87,m,api.urb,14617,1799,-2.09495428,-2.107327781,-2.124623761,-2.090031802,-2.358779699,-2.101867937
88,m,api.urb,12810,1809,-1.957451909,-2.015425533,-2.031160926,-1.99969014,-2.303757004,-2.009170574
89,m,api.urb,10334,1446,-1.966638306,-1.922823285,-1.938559545,-1.907087024,-2.2502367,-1.916473212
90,m,api.urb,8229,1294,-1.849926305,-1.829121036,-1.846419383,-1.81182269,-2.198137509,-1.82377585
91,m,api.urb,6415,1075,-1.786318336,-1.740218788,-1.76027898,-1.720158596,-2.147384672,-1.731078488
92,m,api.urb,4836,924,-1.65513114,-1.64961654,-1.673220891,-1.626012188,-2.097909265,-1.638381125
93,m,api.urb,3615,737,-1.590259242,-1.562714291,-1.590345707,-1.535082876,-2.049647596,-1.545683763
94,m,api.urb,2525,589,-1.455570158,-1.479512043,-1.511471399,-1.447552687,-2.002540682,-1.452986401
95,m,api.urb,1712,448,-1.340624324,-1.412609795,-1.449091041,-1.376128548,-1.956533795,-1.360289038
96,m,api.urb,1305,353,-1.307490263,-1.344290986,-1.377125476,-1.311456496,-1.911576054,-1.267591676
97,m,api.urb,963,265,-1.290323586,-1.278472178,-1.31723612,-1.239708236,-1.867620069,-1.174894314
98,m,api.urb,525,166,-1.151410474,-1.21555337,-1.26658767,-1.164519069,-1.824621627,-1.082196951
99,m,api.urb,415,116,-1.274688329,-1.155434561,-1.221643877,-1.089225246,-1.782539412,-0.989499589
100,m,api.urb,228,91,-0.918486122,-1.100315753,-1.183021039,-1.017610467,-1.741334752,-0.896802227
101,m,api.urb,146,45,-1.176944132,-1.048396945,-1.148266721,-0.948527168,-1.700971399,-0.804104864
102,m,api.urb,75,22,-1.22644566,-0.999978136,-1.11738809,-0.882568182,-1.661415327,-0.711407502
103,m,api.urb,42,16,-0.965080896,-0.955459328,-1.090638984,-0.820279672,-1.622634552,-0.61871014
104,m,api.urb,27,12,-0.810930216,-0.91494052,-1.068039503,-0.761841536,-1.584598974,-0.526012777
105,m,api.urb,15,13,-0.143100844,-0.878821711,-1.049942648,-0.707700774,-1.547280225,-0.433315415
106,m,api.urb,10,2,-1.609437912,-0.845802903,-1.035019098,-0.656586708,-1.510651543,-0.340618053
107,m,api.urb,5,1,-1.609437912,-0.816684095,-1.024049663,-0.609318526,-1.474687647,-0.247920691
108,m,api.urb,2,0,NA,-0.790965286,-1.016521281,-0.565409291,-1.439364633,-0.155223328
109,m,api.urb,0,0,NA,-0.768446478,-1.012224762,-0.524668194,-1.404659875,-0.062525966
110,m,api.urb,1,0,NA,-0.76532767,-1.027353458,-0.503301882,-1.370551931,0.030171396
65,f,api.rur,156023,1710,-4.513510062,-4.53385161,-4.566890476,-4.500812745,-4.442197482,-4.550145003
66,f,api.rur,142766,1748,-4.402734649,-4.439985838,-4.465435348,-4.414536327,-4.407869148,-4.452032816
67,f,api.rur,147994,1859,-4.377133024,-4.345220065,-4.364584173,-4.325855957,-4.35315474,-4.353920628
68,f,api.rur,137652,1831,-4.319866495,-4.241754292,-4.25829031,-4.225218274,-4.28126209,-4.25580844
69,f,api.rur,128033,2082,-4.118959073,-4.14348852,-4.162011242,-4.124965798,-4.195830142,-4.157696253
70,f,api.rur,124200,2247,-4.012297176,-4.034922747,-4.05908724,-4.010758255,-4.100447414,-4.059584065
71,f,api.rur,131843,2444,-3.987975779,-3.958045355,-3.97680911,-3.9392816,-3.998328522,-3.961471877
72,f,api.rur,119865,2534,-3.856567028,-3.871167963,-3.885988315,-3.856347611,-3.892157331,-3.863359689
73,f,api.rur,109897,2541,-3.766985859,-3.789190571,-3.802851304,-3.775529838,-3.784057112,-3.765247502
74,f,api.rur,103261,2660,-3.658933641,-3.707513179,-3.723419056,-3.691607302,-3.675636554,-3.667135314
75,f,api.rur,115645,3091,-3.622030491,-3.619435787,-3.639900066,-3.598971508,-3.568069712,-3.569023126
76,f,api.rur,102893,3177,-3.477752258,-3.492501094,-3.508578137,-3.476424051,-3.462182964,-3.470910938
77,f,api.rur,97802,3236,-3.408607028,-3.365966401,-3.378347686,-3.353585115,-3.358534822,-3.372798751
78,f,api.rur,93210,3586,-3.257817637,-3.238031708,-3.248193474,-3.227869941,-3.257482998,-3.274686563
79,f,api.rur,96427,4054,-3.169082197,-3.108597014,-3.119006966,-3.098187063,-3.159237848,-3.176574375
80,f,api.rur,78759,3714,-3.054283094,-2.968662321,-2.981647429,-2.955677213,-3.063903536,-3.078462187
81,f,api.rur,64815,3325,-2.970067384,-2.895382485,-2.907360643,-2.883404327,-2.971509017,-2.98035
82,f,api.rur,59224,3540,-2.817200138,-2.815402649,-2.826453915,-2.804351382,-2.882030993,-2.882237812
83,f,api.rur,59266,3693,-2.77559665,-2.738922812,-2.74914904,-2.728696584,-2.795410722,-2.784125624
84,f,api.rur,51053,3510,-2.677248271,-2.663742976,-2.673272508,-2.654213443,-2.711566199,-2.686013436
85,f,api.rur,45750,3544,-2.557935759,-2.587163139,-2.596154204,-2.578172075,-2.63040093,-2.587901249
86,f,api.rur,36826,3127,-2.466130039,-2.511183303,-2.51982376,-2.502542846,-2.551810182,-2.489789061
87,f,api.rur,31492,3010,-2.347793467,-2.437903467,-2.446404453,-2.429402481,-2.475685396,-2.391676873
88,f,api.rur,27683,2925,-2.247524026,-2.36822363,-2.376806581,-2.35964068,-2.401917267,-2.293564685
89,f,api.rur,24225,2697,-2.195245114,-2.295343794,-2.304224015,-2.286463574,-2.330397859,-2.195452498
90,f,api.rur,21113,2549,-2.114187839,-2.224863958,-2.234236289,-2.215491626,-2.261022017,-2.09734031
91,f,api.rur,17159,2285,-2.016156793,-2.159784121,-2.169814769,-2.149753474,-2.193688279,-1.999228122
92,f,api.rur,14108,1921,-1.993896129,-2.094404285,-2.105229172,-2.083579398,-2.128299427,-1.901115934
93,f,api.rur,10953,1539,-1.962480536,-2.033324449,-2.045051916,-2.021596982,-2.064762789,-1.803003747
94,f,api.rur,9783,1380,-1.958562686,-1.975744612,-1.988459949,-1.963029275,-2.002990353,-1.704891559
95,f,api.rur,9186,1323,-1.937778701,-1.919664776,-1.933434929,-1.905894623,-1.942898764,-1.606779371
96,f,api.rur,7492,1066,-1.949922459,-1.86488494,-1.879762622,-1.850007258,-1.884409231,-1.508667183
97,f,api.rur,6775,965,-1.948866544,-1.812905103,-1.828932104,-1.796878103,-1.82744738,-1.410554996
98,f,api.rur,5841,828,-1.95364414,-1.763725267,-1.780935005,-1.746515529,-1.771943074,-1.312442808
99,f,api.rur,4823,716,-1.907471253,-1.717545431,-1.735964888,-1.699125973,-1.717830206,-1.21433062
100,f,api.rur,3508,547,-1.858352551,-1.675965594,-1.695616772,-1.656314417,-1.665046487,-1.116218432
101,f,api.rur,2147,359,-1.788504409,-1.638285758,-1.659186766,-1.61738475,-1.61353323,-1.018106245
102,f,api.rur,1557,263,-1.77836214,-1.604705922,-1.626871807,-1.582540036,-1.563235139,-0.919994057
103,f,api.rur,1180,218,-1.688774655,-1.575626085,-1.59906946,-1.55218271,-1.514100095,-0.821881869
104,f,api.rur,995,190,-1.655718665,-1.550846249,-1.575577772,-1.526114726,-1.466078962,-0.723769682
105,f,api.rur,738,135,-1.698669046,-1.530966413,-1.556995158,-1.504937667,-1.419125395,-0.625657494
106,f,api.rur,377,76,-1.601511847,-1.516386576,-1.543720328,-1.489052825,-1.373195657,-0.527545306
107,f,api.rur,332,73,-1.514675528,-1.50620674,-1.534852217,-1.477561263,-1.328248454,-0.429433118
108,f,api.rur,223,45,-1.600509282,-1.500826904,-1.530789943,-1.470863864,-1.284244773,-0.331320931
109,f,api.rur,167,27,-1.822156946,-1.501047067,-1.532332769,-1.469761365,-1.241147732,-0.233208743
110,f,api.rur,85,13,-1.877701899,-1.516467231,-1.549080074,-1.483854388,-1.198922444,-0.135096555
65,f,bpc,51618,522,-4.59395814,-4.376113551,-4.422913387,-4.329313715,-4.222645834,-4.252157833
66,f,bpc,66510,1058,-4.140971979,-4.259523858,-4.295616053,-4.223431664,-4.153550044,-4.163439635
67,f,bpc,73586,1239,-4.084150188,-4.142034165,-4.168922412,-4.115145918,-4.07616844,-4.074721437
68,f,bpc,71501,1259,-4.039393681,-4.015844472,-4.037086379,-3.994602565,-3.992622216,-3.986003239
69,f,bpc,69011,1416,-3.886429917,-3.894854779,-3.916931212,-3.872778347,-3.904787351,-3.897285041
70,f,bpc,69858,1607,-3.772095524,-3.763565086,-3.792399589,-3.734730583,-3.814248441,-3.808566843
71,f,bpc,74091,1756,-3.742255572,-3.694765836,-3.717068112,-3.672463559,-3.722295452,-3.719848645
72,f,bpc,68880,1882,-3.600030819,-3.615966586,-3.633539424,-3.598393747,-3.62994665,-3.631130447
73,f,bpc,64325,1915,-3.514230736,-3.542067335,-3.558366657,-3.525768014,-3.537984259,-3.542412249
74,f,bpc,61751,1928,-3.466626974,-3.468468085,-3.487650922,-3.449285247,-3.446993768,-3.453694051
75,f,bpc,67655,2235,-3.410180034,-3.388468834,-3.413283039,-3.36365463,-3.357401527,-3.364975853
76,f,bpc,54401,2075,-3.266421382,-3.288796887,-3.308341705,-3.269252068,-3.269508018,-3.276257655
77,f,bpc,44695,1825,-3.198281652,-3.189524939,-3.204949035,-3.174100842,-3.183515913,-3.187539456
78,f,bpc,39086,1844,-3.053827221,-3.088852991,-3.10239748,-3.075308502,-3.099552965,-3.098821258
79,f,bpc,39643,1836,-3.072325096,-2.986681043,-3.001467903,-2.971894184,-3.017690285,-3.01010306
80,f,bpc,33389,1873,-2.880685081,-2.874009095,-2.892542764,-2.855475427,-2.937956683,-2.921384862
81,f,bpc,27731,1565,-2.874665097,-2.796204943,-2.813479277,-2.778930609,-2.860349809,-2.832666664
82,f,bpc,24430,1589,-2.732706998,-2.71170079,-2.727818234,-2.695583346,-2.784844712,-2.743948466
83,f,bpc,23460,1691,-2.629976773,-2.630696637,-2.645783222,-2.615610053,-2.711400374,-2.655230268
84,f,bpc,20350,1553,-2.572892368,-2.550992485,-2.565201697,-2.536783273,-2.639964675,-2.56651207
85,f,bpc,17760,1526,-2.454298805,-2.469888332,-2.483403583,-2.456373081,-2.570478129,-2.477793872
86,f,bpc,13452,1243,-2.381599981,-2.389384179,-2.40241821,-2.376350148,-2.502876687,-2.389075674
87,f,bpc,11566,1182,-2.280861841,-2.311580027,-2.324369614,-2.298790439,-2.437093822,-2.300357476
88,f,bpc,9792,1087,-2.198144118,-2.237375874,-2.250171372,-2.224580376,-2.373062069,-2.211639278
89,f,bpc,7594,969,-2.058849129,-2.159971721,-2.173023144,-2.146920298,-2.310714151,-2.12292108
90,f,bpc,6201,773,-2.0821868,-2.084967568,-2.098510764,-2.071424373,-2.249983782,-2.034202882
91,f,bpc,4982,691,-1.975446872,-2.015363416,-2.029609829,-2.001117003,-2.190806237,-1.945484684
92,f,bpc,4302,645,-1.897584993,-1.945459263,-1.960590888,-1.930327638,-2.133118743,-1.856766485
93,f,bpc,3605,639,-1.730172595,-1.87985511,-1.896024078,-1.863686143,-2.076860733,-1.768048287
94,f,bpc,3540,654,-1.688774655,-1.817750958,-1.835082102,-1.800419814,-2.021973994,-1.679330089
95,f,bpc,3439,618,-1.716447553,-1.757146805,-1.775741569,-1.738552041,-1.96840275,-1.590611891
96,f,bpc,2777,558,-1.604767525,-1.697842652,-1.717783204,-1.677902101,-1.916093678,-1.501893693
97,f,bpc,2515,467,-1.683698825,-1.6413385,-1.662691476,-1.619985524,-1.864995896,-1.413175495
98,f,bpc,1916,411,-1.539401744,-1.587634347,-1.610454014,-1.56481468,-1.815060912,-1.324457297
99,f,bpc,1771,350,-1.621366483,-1.536930194,-1.561261007,-1.512599381,-1.766242557,-1.235739099
100,f,bpc,1464,334,-1.477786702,-1.490826042,-1.516704669,-1.464947414,-1.718496906,-1.147020901
101,f,bpc,1084,241,-1.503616249,-1.448621889,-1.476078799,-1.421164979,-1.671782188,-1.058302703
102,f,bpc,890,223,-1.384049691,-1.410517736,-1.439578433,-1.38145704,-1.626058691,-0.969584505
103,f,bpc,775,182,-1.448856342,-1.376913584,-1.407599572,-1.346227595,-1.581288666,-0.880866307
104,f,bpc,610,170,-1.27766052,-1.347609431,-1.379938974,-1.315279888,-1.537436231,-0.792148109
105,f,bpc,454,99,-1.522977348,-1.323205278,-1.357193989,-1.289216568,-1.494467275,-0.703429911
106,f,bpc,293,52,-1.72892889,-1.304101126,-1.339762438,-1.268439813,-1.452349367,-0.614711712
107,f,bpc,269,64,-1.435828296,-1.289396973,-1.326742516,-1.25205143,-1.41105166,-0.525993514
108,f,bpc,528,106,-1.60565719,-1.27949282,-1.318532717,-1.240452923,-1.370544814,-0.437275316
109,f,bpc,612,124,-1.596450717,-1.275188668,-1.31593178,-1.234445555,-1.330800904,-0.348557118
110,f,bpc,298,59,-1.619556043,-1.286084515,-1.328538637,-1.243630392,-1.291793348,-0.25983892
65,m,api.rur,127085,1902,-4.20195019,-4.208357259,-4.239385403,-4.177329115,-4.188274494,-4.208989397
66,m,api.rur,119270,1938,-4.119733317,-4.117334988,-4.141195131,-4.093474845,-4.115054962,-4.116595725
67,m,api.rur,122826,2194,-4.025042358,-4.024612717,-4.042777151,-4.006448283,-4.032809367,-4.024202053
68,m,api.rur,113903,2236,-3.930658654,-3.926390446,-3.942032263,-3.910748629,-3.943993185,-3.93180838
69,m,api.rur,106079,2274,-3.842643704,-3.833568175,-3.851273139,-3.815863212,-3.850750371,-3.839414708
70,m,api.rur,100923,2442,-3.721540474,-3.736145905,-3.759305019,-3.71298679,-3.754862784,-3.747021036
71,m,api.rur,101898,2611,-3.664239023,-3.655915394,-3.673879866,-3.637950921,-3.657754098,-3.654627364
72,m,api.rur,95841,2634,-3.594186965,-3.568584883,-3.582833307,-3.55433646,-3.560524919,-3.562233692
73,m,api.rur,88737,2790,-3.459635343,-3.484754373,-3.498067166,-3.471441579,-3.464001333,-3.46984002
74,m,api.rur,81215,2805,-3.36569642,-3.400323862,-3.415987864,-3.38465986,-3.368785594,-3.377446348
75,m,api.rur,89621,3328,-3.293218145,-3.312793352,-3.332977728,-3.292608975,-3.275302783,-3.285052676
76,m,api.rur,76701,3108,-3.205935314,-3.196700488,-3.212591378,-3.180809599,-3.183840851,-3.192659004
77,m,api.rur,69023,3091,-3.105945119,-3.079707625,-3.092026252,-3.067388999,-3.094583459,-3.100265331
78,m,api.rur,63957,3253,-2.978633335,-2.963214762,-2.97346628,-2.952963245,-3.007636145,-3.007871659
79,m,api.rur,64516,3457,-2.926512094,-2.845421899,-2.856031119,-2.834812679,-2.923046725,-2.915477987
80,m,api.rur,54910,3278,-2.818462001,-2.716829036,-2.730025034,-2.703633038,-2.840820984,-2.823084315
81,m,api.rur,49493,3343,-2.694962638,-2.64782078,-2.659980758,-2.635660802,-2.760934599,-2.730690643
82,m,api.rur,47775,3553,-2.598710173,-2.574912524,-2.586114392,-2.563710655,-2.683342131,-2.638296971
83,m,api.rur,47017,3744,-2.53035468,-2.503404267,-2.513747608,-2.493060926,-2.607983752,-2.545903299
84,m,api.rur,41913,3622,-2.448569682,-2.431796011,-2.441407131,-2.42218489,-2.534790247,-2.453509627
85,m,api.rur,37490,3620,-2.337600205,-2.359487755,-2.368523718,-2.350451791,-2.463686708,-2.361115955
86,m,api.rur,30302,3377,-2.194225976,-2.285879498,-2.29452876,-2.277230237,-2.394595239,-2.268722282
87,m,api.rur,25859,3024,-2.146078245,-2.216571242,-2.225048086,-2.208094398,-2.327436923,-2.17632861
88,m,api.rur,22673,3004,-2.021230055,-2.146862985,-2.155394697,-2.138331273,-2.262133224,-2.083934938
89,m,api.rur,19867,2728,-1.985491324,-2.076454729,-2.08526435,-2.067645109,-2.198606987,-1.991541266
90,m,api.rur,17754,2623,-1.912292142,-2.004946473,-2.014237048,-1.995655897,-2.136783113,-1.899147594
91,m,api.rur,14791,2252,-1.882200177,-1.938238216,-1.948183379,-1.928293054,-2.076589013,-1.806753922
92,m,api.rur,12149,2046,-1.781360194,-1.86982996,-1.880571644,-1.859088276,-2.017954896,-1.71436025
93,m,api.rur,9810,1754,-1.72150338,-1.805121704,-1.816772772,-1.793470636,-1.960813918,-1.621966578
94,m,api.rur,8440,1492,-1.732864807,-1.744113447,-1.756762442,-1.731464453,-1.905102256,-1.529572906
95,m,api.rur,8015,1374,-1.763588592,-1.699405191,-1.713121343,-1.685689039,-1.850759105,-1.437179233
96,m,api.rur,6330,1139,-1.715149552,-1.645996935,-1.660834544,-1.631159325,-1.797726636,-1.344785561
97,m,api.rur,5417,1042,-1.648400213,-1.595088678,-1.611090633,-1.579086724,-1.745949914,-1.252391889
98,m,api.rur,4440,838,-1.667391555,-1.547080422,-1.564280903,-1.529879941,-1.695376803,-1.159998217
99,m,api.rur,3540,644,-1.70418328,-1.501872166,-1.520298684,-1.483445647,-1.64595785,-1.067604545
100,m,api.rur,2661,505,-1.661898842,-1.461663909,-1.481338835,-1.441988983,-1.597646165,-0.975210873
101,m,api.rur,1750,409,-1.453655911,-1.424655653,-1.445597356,-1.40371395,-1.550397298,-0.882817201
102,m,api.rur,1206,271,-1.492945556,-1.391147397,-1.413371105,-1.368923689,-1.504169109,-0.790423529
103,m,api.rur,1011,229,-1.484973215,-1.36153914,-1.385057592,-1.338020689,-1.45892165,-0.698029857
104,m,api.rur,728,176,-1.419817053,-1.335930884,-1.360754824,-1.311106944,-1.414617037,-0.605636184
105,m,api.rur,541,110,-1.592938913,-1.314722628,-1.340861191,-1.288584064,-1.371219342,-0.513242512
106,m,api.rur,267,49,-1.69542836,-1.296614371,-1.324075381,-1.269153361,-1.328694472,-0.42084884
107,m,api.rur,232,46,-1.618095975,-1.282406115,-1.311196317,-1.253615913,-1.287010071,-0.328455168
108,m,api.rur,197,46,-1.454562332,-1.271597859,-1.301723105,-1.241472613,-1.246135412,-0.236061496
109,m,api.rur,121,16,-2.023201823,-1.263989602,-1.295455,-1.232524205,-1.206041306,-0.143667824
110,m,api.rur,59,8,-1.998095902,-1.275781346,-1.308591377,-1.242971315,-1.166700009,-0.051274152
65,m,bpc,34306,691,-3.904935721,-3.678405482,-3.718516304,-3.63829466,-3.450036377,-3.623533892
66,m,bpc,47748,1420,-3.51528031,-3.591758452,-3.622601071,-3.560915833,-3.431396663,-3.552394492
67,m,bpc,53674,1715,-3.443515632,-3.503411423,-3.526353838,-3.480469008,-3.402380537,-3.481255092
68,m,bpc,54858,1866,-3.380950926,-3.409564394,-3.427843885,-3.391284902,-3.36387212,-3.410115693
69,m,bpc,53099,1973,-3.292602869,-3.321117364,-3.340472554,-3.301762174,-3.316956127,-3.338976293
70,m,bpc,52914,2033,-3.259155419,-3.228070335,-3.25352235,-3.202618319,-3.26282796,-3.267836894
71,m,bpc,55466,2217,-3.21961529,-3.177093628,-3.19674087,-3.157446386,-3.202710704,-3.196697494
72,m,bpc,52436,2294,-3.12929636,-3.119016921,-3.134725071,-3.103308772,-3.137787883,-3.125558094
73,m,bpc,47478,2236,-3.055577891,-3.064440215,-3.079605986,-3.049274444,-3.069155717,-3.054418695
74,m,bpc,44379,2245,-2.984060863,-3.009263508,-3.027587756,-2.99093926,-2.997794401,-2.983279295
75,m,bpc,47220,2380,-2.987717044,-2.950986801,-2.974737134,-2.927236468,-2.924555372,-2.912139896
76,m,bpc,37650,2234,-2.824539254,-2.866017471,-2.884650274,-2.847384668,-2.850160483,-2.841000496
77,m,bpc,31482,1940,-2.786727981,-2.780148141,-2.79514401,-2.765152272,-2.775209089,-2.769861096
78,m,bpc,27787,1910,-2.677465043,-2.694778811,-2.708820269,-2.680737353,-2.700189676,-2.698721697
79,m,bpc,29267,2071,-2.648429019,-2.608109481,-2.624358811,-2.591860151,-2.625493535,-2.627582297
80,m,bpc,25923,2103,-2.511765709,-2.510640151,-2.531268059,-2.490012243,-2.551428779,-2.556442898
81,m,bpc,20592,1698,-2.495451563,-2.458237765,-2.476869409,-2.439606121,-2.478233646,-2.485303498
82,m,bpc,17596,1577,-2.412147296,-2.40193538,-2.418987951,-2.384882808,-2.406088544,-2.414164098
83,m,bpc,15309,1487,-2.331680223,-2.347032994,-2.363047573,-2.331018416,-2.33512659,-2.343024699
84,m,bpc,12786,1318,-2.272235386,-2.292030609,-2.307656476,-2.276404742,-2.265442621,-2.271885299
85,m,bpc,10622,1083,-2.283192354,-2.236328223,-2.25226225,-2.220394197,-2.197100764,-2.2007459
86,m,bpc,7311,877,-2.12062835,-2.179325838,-2.196226819,-2.162424857,-2.130140714,-2.1296065
87,m,bpc,5908,746,-2.069337043,-2.126623453,-2.145046742,-2.108200163,-2.064582886,-2.0584671
88,m,bpc,4516,620,-1.985662447,-2.073521067,-2.093897929,-2.053144205,-2.000432614,-1.987327701
89,m,bpc,3223,455,-1.957770463,-2.019718682,-2.042369065,-1.997068298,-1.937683548,-1.916188301
90,m,bpc,2356,328,-1.971706936,-1.964816296,-1.989973557,-1.939659036,-1.876320389,-1.845048902
91,m,bpc,1699,240,-1.957156198,-1.914713911,-1.942548423,-1.886879398,-1.816321083,-1.773909502
92,m,bpc,1364,215,-1.84753881,-1.862911525,-1.893549034,-1.832274017,-1.757658574,-1.702770102
93,m,bpc,993,175,-1.73594469,-1.81480914,-1.848343871,-1.781274408,-1.700302194,-1.631630703
94,m,bpc,808,142,-1.738735001,-1.770406754,-1.806910508,-1.733903001,-1.644218768,-1.560491303
95,m,bpc,788,122,-1.865477045,-1.742304369,-1.781832767,-1.702775971,-1.589373485,-1.489351904
96,m,bpc,494,93,-1.669936024,-1.705501983,-1.748098802,-1.662905164,-1.535730577,-1.418212504
97,m,bpc,458,83,-1.708028576,-1.671199598,-1.716899797,-1.625499399,-1.483253858,-1.347073104
98,m,bpc,320,59,-1.690783552,-1.639797213,-1.688629086,-1.590965339,-1.431907131,-1.275933705
99,m,bpc,296,55,-1.683026269,-1.611194827,-1.663181557,-1.559208097,-1.381654509,-1.204794305
100,m,bpc,217,56,-1.354545663,-1.587592442,-1.642753231,-1.532431652,-1.332460652,-1.133654906
101,m,bpc,161,34,-1.55504384,-1.567190056,-1.625540976,-1.508839136,-1.284290944,-1.062515506
102,m,bpc,176,32,-1.704748092,-1.550287671,-1.611842292,-1.488733049,-1.237111628,-0.991376106
103,m,bpc,137,14,-2.280923596,-1.537285285,-1.602055167,-1.472515404,-1.190889895,-0.920236707
104,m,bpc,94,11,-2.145399509,-1.5282829,-1.596277959,-1.460287841,-1.145593947,-0.849097307
105,m,bpc,80,15,-1.673976434,-1.523680514,-1.594909323,-1.452451706,-1.101193033,-0.777957908
106,m,bpc,43,7,-1.815289967,-1.522178129,-1.596648141,-1.447708117,-1.057657469,-0.706818508
107,m,bpc,45,5,-2.197224577,-1.524575743,-1.60229348,-1.446858007,-1.014958642,-0.635679108
108,m,bpc,59,9,-1.880312867,-1.530373358,-1.611344557,-1.449402159,-0.973069005,-0.564539709
109,m,bpc,68,13,-1.654558348,-1.539370973,-1.623600706,-1.455141239,-0.931962059,-0.493400309
110,m,bpc,40,7,-1.742969305,-1.567768587,-1.655261361,-1.480275813,-0.891612334,-0.42226091
